date,Unnamed: 0,price
2010-09-25,0,0.1
2010-09-26,1,0.1
2010-09-27,2,0.1
2010-09-28,3,0.1
2010-09-29,4,0.1
2010-09-30,5,0.1
2010-10-01,6,0.1
2010-10-02,7,0.1
2010-10-03,8,0.1
2010-10-04,9,0.1
2010-10-05,10,0.1
2010-10-06,11,0.1
2010-10-07,12,0.1
2010-10-08,13,0.1
2010-10-09,14,0.1
2010-10-10,15,0.1
2010-10-11,16,0.1
2010-10-12,17,0.1
2010-10-13,18,0.1
2010-10-14,19,0.1
2010-10-15,20,0.1
2010-10-16,21,0.1
2010-10-17,22,0.1
2010-10-18,23,0.1
2010-10-19,24,0.1
2010-10-20,25,0.1
2010-10-21,26,0.1
2010-10-22,27,0.1
2010-10-23,28,0.1
2010-10-24,29,0.1
2010-10-25,30,0.1
2010-10-26,31,0.2
2010-10-27,32,0.2
2010-10-28,33,0.2
2010-10-29,34,0.2
2010-10-30,35,0.2
2010-10-31,36,0.2
2010-11-01,37,0.2
2010-11-02,38,0.2
2010-11-03,39,0.2
2010-11-04,40,0.2
2010-11-05,41,0.3
2010-11-06,42,0.4
2010-11-07,43,0.3
2010-11-08,44,0.2
2010-11-09,45,0.2
2010-11-10,46,0.2
2010-11-11,47,0.2
2010-11-12,48,0.3
2010-11-13,49,0.3
2010-11-14,50,0.3
2010-11-15,51,0.3
2010-11-16,52,0.2
2010-11-17,53,0.2
2010-11-18,54,0.3
2010-11-19,55,0.3
2010-11-20,56,0.3
2010-11-21,57,0.3
2010-11-22,58,0.3
2010-11-23,59,0.3
2010-11-24,60,0.3
2010-11-25,61,0.3
2010-11-26,62,0.3
2010-11-27,63,0.3
2010-11-28,64,0.3
2010-11-29,65,0.2
2010-11-30,66,0.2
2010-12-01,67,0.2
2010-12-02,68,0.3
2010-12-03,69,0.3
2010-12-04,70,0.2
2010-12-05,71,0.2
2010-12-06,72,0.2
2010-12-07,73,0.2
2010-12-08,74,0.2
2010-12-09,75,0.2
2010-12-10,76,0.2
2010-12-11,77,0.2
2010-12-12,78,0.2
2010-12-13,79,0.2
2010-12-14,80,0.2
2010-12-15,81,0.2
2010-12-16,82,0.3
2010-12-17,83,0.2
2010-12-18,84,0.2
2010-12-19,85,0.2
2010-12-20,86,0.3
2010-12-21,87,0.2
2010-12-22,88,0.3
2010-12-23,89,0.3
2010-12-24,90,0.2
2010-12-25,91,0.2
2010-12-26,92,0.3
2010-12-27,93,0.3
2010-12-28,94,0.3
2010-12-29,95,0.3
2010-12-30,96,0.3
2010-12-31,97,0.3
2011-01-01,98,0.3
2011-01-02,99,0.3
2011-01-03,100,0.3
2011-01-04,101,0.3
2011-01-05,102,0.3
2011-01-06,103,0.3
2011-01-07,104,0.3
2011-01-08,105,0.3
2011-01-09,106,0.3
2011-01-10,107,0.3
2011-01-11,108,0.3
2011-01-12,109,0.3
2011-01-13,110,0.3
2011-01-14,111,0.4
2011-01-15,112,0.4
2011-01-16,113,0.4
2011-01-17,114,0.3
2011-01-18,115,0.3
2011-01-19,116,0.3
2011-01-20,117,0.4
2011-01-21,118,0.4
2011-01-22,119,0.4
2011-01-23,120,0.4
2011-01-24,121,0.4
2011-01-25,122,0.4
2011-01-26,123,0.4
2011-01-27,124,0.4
2011-01-28,125,0.4
2011-01-29,126,0.4
2011-01-30,127,0.5
2011-01-31,128,0.5
2011-02-01,129,0.7
2011-02-02,130,0.7
2011-02-03,131,0.7
2011-02-04,132,0.8
2011-02-05,133,0.9
2011-02-06,134,0.9
2011-02-07,135,0.9
2011-02-08,136,0.9
2011-02-09,137,1.1
2011-02-10,138,1.0
2011-02-11,139,1.1
2011-02-12,140,1.1
2011-02-13,141,1.0
2011-02-14,142,1.1
2011-02-15,143,1.0
2011-02-16,144,1.0
2011-02-17,145,1.0
2011-02-18,146,0.9
2011-02-19,147,0.9
2011-02-20,148,0.9
2011-02-21,149,0.8
2011-02-22,150,0.9
2011-02-23,151,0.9
2011-02-24,152,1.0
2011-02-25,153,0.9
2011-02-26,154,1.0
2011-02-27,155,0.9
2011-02-28,156,0.9
2011-03-01,157,0.9
2011-03-02,158,0.9
2011-03-03,159,0.9
2011-03-04,160,0.9
2011-03-05,161,0.9
2011-03-06,162,0.9
2011-03-07,163,0.9
2011-03-08,164,0.9
2011-03-09,165,0.9
2011-03-10,166,0.9
2011-03-11,167,0.9
2011-03-12,168,0.9
2011-03-13,169,0.9
2011-03-14,170,0.9
2011-03-15,171,0.9
2011-03-16,172,0.9
2011-03-17,173,0.8
2011-03-18,174,0.8
2011-03-19,175,0.8
2011-03-20,176,0.7
2011-03-21,177,0.8
2011-03-22,178,0.8
2011-03-23,179,0.8
2011-03-24,180,0.9
2011-03-25,181,0.9
2011-03-26,182,0.9
2011-03-27,183,0.8
2011-03-28,184,0.8
2011-03-29,185,0.8
2011-03-30,186,0.8
2011-03-31,187,0.8
2011-04-01,188,0.8
2011-04-02,189,0.8
2011-04-03,190,0.8
2011-04-04,191,0.7
2011-04-05,192,0.7
2011-04-06,193,0.7
2011-04-07,194,0.8
2011-04-08,195,0.8
2011-04-09,196,0.7
2011-04-10,197,0.7
2011-04-11,198,0.8
2011-04-12,199,0.9
2011-04-13,200,0.9
2011-04-14,201,1.0
2011-04-15,202,1.0
2011-04-16,203,1.0
2011-04-17,204,1.1
2011-04-18,205,1.2
2011-04-19,206,1.2
2011-04-20,207,1.1
2011-04-21,208,1.2
2011-04-22,209,1.4
2011-04-23,210,1.7
2011-04-24,211,1.6
2011-04-25,212,1.6
2011-04-26,213,1.8
2011-04-27,214,1.9
2011-04-28,215,2.2
2011-04-29,216,2.9
2011-04-30,217,3.5
2011-05-01,218,3.0
2011-05-02,219,3.2
2011-05-03,220,3.4
2011-05-04,221,3.4
2011-05-05,222,3.3
2011-05-06,223,3.5
2011-05-07,224,3.6
2011-05-08,225,3.9
2011-05-09,226,3.8
2011-05-10,227,5.8
2011-05-11,228,5.5
2011-05-12,229,6.3
2011-05-13,230,8.2
2011-05-14,231,7.2
2011-05-15,232,7.0
2011-05-16,233,8.0
2011-05-17,234,7.2
2011-05-18,235,6.9
2011-05-19,236,6.8
2011-05-20,237,5.6
2011-05-21,238,6.1
2011-05-22,239,6.7
2011-05-23,240,7.2
2011-05-24,241,7.4
2011-05-25,242,8.4
2011-05-26,243,8.8
2011-05-27,244,8.5
2011-05-28,245,8.3
2011-05-29,246,8.4
2011-05-30,247,8.8
2011-05-31,248,8.7
2011-06-01,249,9.6
2011-06-02,250,10.6
2011-06-03,251,14.3
2011-06-04,252,18.9
2011-06-05,253,16.7
2011-06-06,254,18.5
2011-06-07,255,23.9
2011-06-08,256,29.6
2011-06-09,257,28.9
2011-06-10,258,24.0
2011-06-11,259,14.6
2011-06-12,260,18.5
2011-06-13,261,19.8
2011-06-14,262,19.3
2011-06-15,263,19.5
2011-06-16,264,17.0
2011-06-17,265,15.7
2011-06-18,266,16.9
2011-06-19,267,17.5
2011-06-20,268,17.5
2011-06-21,269,17.5
2011-06-22,270,17.5
2011-06-23,271,17.5
2011-06-24,272,17.5
2011-06-25,273,17.5
2011-06-26,274,16.5
2011-06-27,275,16.8
2011-06-28,276,17.0
2011-06-29,277,16.9
2011-06-30,278,16.1
2011-07-01,279,15.4
2011-07-02,280,15.4
2011-07-03,281,15.4
2011-07-04,282,13.9
2011-07-05,283,12.9
2011-07-06,284,14.8
2011-07-07,285,14.8
2011-07-08,286,14.3
2011-07-09,287,14.4
2011-07-10,288,14.9
2011-07-11,289,14.2
2011-07-12,290,14.0
2011-07-13,291,13.9
2011-07-14,292,14.0
2011-07-15,293,13.8
2011-07-16,294,13.7
2011-07-17,295,13.2
2011-07-18,296,13.5
2011-07-19,297,13.9
2011-07-20,298,13.7
2011-07-21,299,13.6
2011-07-22,300,13.7
2011-07-23,301,13.7
2011-07-24,302,14.0
2011-07-25,303,14.1
2011-07-26,304,13.9
2011-07-27,305,13.9
2011-07-28,306,13.5
2011-07-29,307,13.5
2011-07-30,308,13.5
2011-07-31,309,13.4
2011-08-01,310,13.1
2011-08-02,311,12.1
2011-08-03,312,9.3
2011-08-04,313,10.8
2011-08-05,314,9.8
2011-08-06,315,6.6
2011-08-07,316,7.9
2011-08-08,317,7.8
2011-08-09,318,10.0
2011-08-10,319,10.0
2011-08-11,320,9.5
2011-08-12,321,9.5
2011-08-13,322,10.1
2011-08-14,323,10.8
2011-08-15,324,11.1
2011-08-16,325,11.0
2011-08-17,326,10.9
2011-08-18,327,10.8
2011-08-19,328,11.6
2011-08-20,329,11.4
2011-08-21,330,11.3
2011-08-22,331,10.9
2011-08-23,332,10.9
2011-08-24,333,10.9
2011-08-25,334,9.7
2011-08-26,335,8.2
2011-08-27,336,8.6
2011-08-28,337,9.1
2011-08-29,338,9.0
2011-08-30,339,8.8
2011-08-31,340,8.2
2011-09-01,341,8.2
2011-09-02,342,8.6
2011-09-03,343,8.5
2011-09-04,344,8.2
2011-09-05,345,7.6
2011-09-06,346,6.9
2011-09-07,347,7.2
2011-09-08,348,6.5
2011-09-09,349,5.0
2011-09-10,350,4.8
2011-09-11,351,5.9
2011-09-12,352,6.1
2011-09-13,353,5.8
2011-09-14,354,5.6
2011-09-15,355,4.8
2011-09-16,356,4.8
2011-09-17,357,4.8
2011-09-18,358,5.2
2011-09-19,359,5.5
2011-09-20,360,6.1
2011-09-21,361,5.6
2011-09-22,362,5.4
2011-09-23,363,5.6
2011-09-24,364,5.5
2011-09-25,365,5.3
2011-09-26,366,4.9
2011-09-27,367,4.9
2011-09-28,368,4.8
2011-09-29,369,4.8
2011-09-30,370,5.1
2011-10-01,371,5.0
2011-10-02,372,5.0
2011-10-03,373,5.0
2011-10-04,374,5.0
2011-10-05,375,4.9
2011-10-06,376,4.7
2011-10-07,377,4.3
2011-10-08,378,4.0
2011-10-09,379,4.1
2011-10-10,380,4.1
2011-10-11,381,3.9
2011-10-12,382,4.2
2011-10-13,383,4.1
2011-10-14,384,4.0
2011-10-15,385,3.8
2011-10-16,386,3.6
2011-10-17,387,2.6
2011-10-18,388,2.4
2011-10-19,389,2.3
2011-10-20,390,2.3
2011-10-21,391,2.6
2011-10-22,392,3.2
2011-10-23,393,3.2
2011-10-24,394,2.5
2011-10-25,395,2.8
2011-10-26,396,2.8
2011-10-27,397,3.0
2011-10-28,398,3.2
2011-10-29,399,3.6
2011-10-30,400,3.3
2011-10-31,401,3.3
2011-11-01,402,3.2
2011-11-02,403,3.3
2011-11-03,404,3.2
2011-11-04,405,3.1
2011-11-05,406,3.0
2011-11-06,407,3.0
2011-11-07,408,3.0
2011-11-08,409,3.0
2011-11-09,410,3.0
2011-11-10,411,2.8
2011-11-11,412,3.1
2011-11-12,413,3.0
2011-11-13,414,3.0
2011-11-14,415,2.2
2011-11-15,416,2.3
2011-11-16,417,2.6
2011-11-17,418,2.3
2011-11-18,419,2.0
2011-11-19,420,2.2
2011-11-20,421,2.2
2011-11-21,422,2.3
2011-11-22,423,2.3
2011-11-23,424,2.3
2011-11-24,425,2.4
2011-11-25,426,2.5
2011-11-26,427,2.5
2011-11-27,428,2.5
2011-11-28,429,2.5
2011-11-29,430,2.8
2011-11-30,431,3.0
2011-12-01,432,3.1
2011-12-02,433,3.1
2011-12-03,434,2.8
2011-12-04,435,2.8
2011-12-05,436,2.9
2011-12-06,437,3.0
2011-12-07,438,3.0
2011-12-08,439,3.0
2011-12-09,440,3.0
2011-12-10,441,3.0
2011-12-11,442,3.3
2011-12-12,443,3.1
2011-12-13,444,3.3
2011-12-14,445,3.2
2011-12-15,446,3.2
2011-12-16,447,3.2
2011-12-17,448,3.2
2011-12-18,449,3.2
2011-12-19,450,3.5
2011-12-20,451,4.0
2011-12-21,452,3.9
2011-12-22,453,3.9
2011-12-23,454,4.0
2011-12-24,455,3.9
2011-12-25,456,4.2
2011-12-26,457,4.0
2011-12-27,458,4.1
2011-12-28,459,4.2
2011-12-29,460,4.2
2011-12-30,461,4.3
2011-12-31,462,4.7
2012-01-01,463,5.3
2012-01-02,464,5.2
2012-01-03,465,4.9
2012-01-04,466,5.6
2012-01-05,467,6.9
2012-01-06,468,6.7
2012-01-07,469,6.8
2012-01-08,470,7.1
2012-01-09,471,6.3
2012-01-10,472,6.4
2012-01-11,473,6.9
2012-01-12,474,6.8
2012-01-13,475,6.4
2012-01-14,476,6.8
2012-01-15,477,7.0
2012-01-16,478,6.7
2012-01-17,479,5.6
2012-01-18,480,5.9
2012-01-19,481,6.4
2012-01-20,482,6.5
2012-01-21,483,6.2
2012-01-22,484,6.3
2012-01-23,485,6.4
2012-01-24,486,6.3
2012-01-25,487,5.8
2012-01-26,488,5.3
2012-01-27,489,5.3
2012-01-28,490,5.6
2012-01-29,491,5.4
2012-01-30,492,5.5
2012-01-31,493,5.5
2012-02-01,494,6.1
2012-02-02,495,6.1
2012-02-03,496,6.0
2012-02-04,497,5.9
2012-02-05,498,5.7
2012-02-06,499,5.4
2012-02-07,500,5.7
2012-02-08,501,5.6
2012-02-09,502,5.8
2012-02-10,503,5.9
2012-02-11,504,5.6
2012-02-12,505,5.5
2012-02-13,506,5.3
2012-02-14,507,4.5
2012-02-15,508,4.3
2012-02-16,509,4.3
2012-02-17,510,4.4
2012-02-18,511,4.2
2012-02-19,512,4.4
2012-02-20,513,4.4
2012-02-21,514,4.3
2012-02-22,515,4.4
2012-02-23,516,5.0
2012-02-24,517,5.0
2012-02-25,518,4.8
2012-02-26,519,4.9
2012-02-27,520,5.0
2012-02-28,521,4.9
2012-02-29,522,4.9
2012-03-01,523,4.9
2012-03-02,524,4.7
2012-03-03,525,4.6
2012-03-04,526,4.8
2012-03-05,527,5.0
2012-03-06,528,5.0
2012-03-07,529,4.9
2012-03-08,530,4.9
2012-03-09,531,4.9
2012-03-10,532,4.8
2012-03-11,533,4.9
2012-03-12,534,4.9
2012-03-13,535,5.3
2012-03-14,536,5.4
2012-03-15,537,5.3
2012-03-16,538,5.3
2012-03-17,539,5.2
2012-03-18,540,5.3
2012-03-19,541,4.7
2012-03-20,542,4.8
2012-03-21,543,4.8
2012-03-22,544,4.7
2012-03-23,545,4.7
2012-03-24,546,4.7
2012-03-25,547,4.6
2012-03-26,548,4.6
2012-03-27,549,4.8
2012-03-28,550,4.8
2012-03-29,551,4.8
2012-03-30,552,4.9
2012-03-31,553,4.9
2012-04-01,554,4.8
2012-04-02,555,5.0
2012-04-03,556,4.9
2012-04-04,557,4.9
2012-04-05,558,4.9
2012-04-06,559,4.9
2012-04-07,560,4.7
2012-04-08,561,4.8
2012-04-09,562,4.9
2012-04-10,563,4.8
2012-04-11,564,4.9
2012-04-12,565,4.9
2012-04-13,566,4.9
2012-04-14,567,5.0
2012-04-15,568,5.0
2012-04-16,569,4.9
2012-04-17,570,5.0
2012-04-18,571,5.1
2012-04-19,572,5.1
2012-04-20,573,5.3
2012-04-21,574,5.3
2012-04-22,575,5.2
2012-04-23,576,5.0
2012-04-24,577,5.1
2012-04-25,578,5.1
2012-04-26,579,5.1
2012-04-27,580,5.1
2012-04-28,581,5.0
2012-04-29,582,4.9
2012-04-30,583,4.9
2012-05-01,584,5.0
2012-05-02,585,5.1
2012-05-03,586,5.1
2012-05-04,587,5.1
2012-05-05,588,5.1
2012-05-06,589,5.1
2012-05-07,590,5.1
2012-05-08,591,5.1
2012-05-09,592,5.0
2012-05-10,593,4.8
2012-05-11,594,5.0
2012-05-12,595,4.9
2012-05-13,596,4.9
2012-05-14,597,5.0
2012-05-15,598,5.0
2012-05-16,599,5.1
2012-05-17,600,5.1
2012-05-18,601,5.1
2012-05-19,602,5.1
2012-05-20,603,5.1
2012-05-21,604,5.1
2012-05-22,605,5.1
2012-05-23,606,5.1
2012-05-24,607,5.1
2012-05-25,608,5.2
2012-05-26,609,5.1
2012-05-27,610,5.1
2012-05-28,611,5.1
2012-05-29,612,5.2
2012-05-30,613,5.1
2012-05-31,614,5.2
2012-06-01,615,5.3
2012-06-02,616,5.3
2012-06-03,617,5.2
2012-06-04,618,5.3
2012-06-05,619,5.4
2012-06-06,620,5.5
2012-06-07,621,5.6
2012-06-08,622,5.6
2012-06-09,623,5.6
2012-06-10,624,5.5
2012-06-11,625,5.6
2012-06-12,626,5.7
2012-06-13,627,5.9
2012-06-14,628,5.9
2012-06-15,629,6.5
2012-06-16,630,6.4
2012-06-17,631,6.2
2012-06-18,632,6.3
2012-06-19,633,6.5
2012-06-20,634,6.7
2012-06-21,635,6.7
2012-06-22,636,6.6
2012-06-23,637,6.4
2012-06-24,638,6.3
2012-06-25,639,6.3
2012-06-26,640,6.4
2012-06-27,641,6.7
2012-06-28,642,6.6
2012-06-29,643,6.7
2012-06-30,644,6.7
2012-07-01,645,6.6
2012-07-02,646,6.8
2012-07-03,647,6.4
2012-07-04,648,6.5
2012-07-05,649,6.7
2012-07-06,650,6.7
2012-07-07,651,6.8
2012-07-08,652,6.8
2012-07-09,653,7.0
2012-07-10,654,7.2
2012-07-11,655,7.2
2012-07-12,656,7.8
2012-07-13,657,7.7
2012-07-14,658,7.5
2012-07-15,659,7.6
2012-07-16,660,8.5
2012-07-17,661,8.8
2012-07-18,662,9.1
2012-07-19,663,8.9
2012-07-20,664,8.5
2012-07-21,665,8.9
2012-07-22,666,8.4
2012-07-23,667,8.4
2012-07-24,668,8.6
2012-07-25,669,8.8
2012-07-26,670,8.9
2012-07-27,671,8.9
2012-07-28,672,8.9
2012-07-29,673,8.7
2012-07-30,674,9.1
2012-07-31,675,9.4
2012-08-01,676,9.6
2012-08-02,677,10.5
2012-08-03,678,11.0
2012-08-04,679,11.0
2012-08-05,680,10.9
2012-08-06,681,10.9
2012-08-07,682,11.1
2012-08-08,683,11.1
2012-08-09,684,11.1
2012-08-10,685,11.4
2012-08-11,686,11.5
2012-08-12,687,11.6
2012-08-13,688,12.0
2012-08-14,689,12.2
2012-08-15,690,13.3
2012-08-16,691,13.5
2012-08-17,692,11.6
2012-08-18,693,11.6
2012-08-19,694,8.0
2012-08-20,695,10.1
2012-08-21,696,9.9
2012-08-22,697,9.8
2012-08-23,698,10.1
2012-08-24,699,10.6
2012-08-25,700,10.5
2012-08-26,701,10.6
2012-08-27,702,10.9
2012-08-28,703,10.9
2012-08-29,704,10.9
2012-08-30,705,10.8
2012-08-31,706,10.2
2012-09-01,707,10.0
2012-09-02,708,10.2
2012-09-03,709,10.5
2012-09-04,710,10.4
2012-09-05,711,11.0
2012-09-06,712,11.2
2012-09-07,713,11.0
2012-09-08,714,11.0
2012-09-09,715,11.0
2012-09-10,716,11.2
2012-09-11,717,11.3
2012-09-12,718,11.4
2012-09-13,719,11.4
2012-09-14,720,11.7
2012-09-15,721,11.8
2012-09-16,722,11.9
2012-09-17,723,11.9
2012-09-18,724,12.3
2012-09-19,725,12.6
2012-09-20,726,12.3
2012-09-21,727,12.4
2012-09-22,728,12.2
2012-09-23,729,12.2
2012-09-24,730,12.1
2012-09-25,731,12.2
2012-09-26,732,12.3
2012-09-27,733,12.3
2012-09-28,734,12.4
2012-09-29,735,12.4
2012-09-30,736,12.4
2012-10-01,737,12.4
2012-10-02,738,12.8
2012-10-03,739,12.9
2012-10-04,740,12.9
2012-10-05,741,12.7
2012-10-06,742,12.5
2012-10-07,743,11.8
2012-10-08,744,11.8
2012-10-09,745,11.9
2012-10-10,746,12.1
2012-10-11,747,12.0
2012-10-12,748,12.0
2012-10-13,749,11.9
2012-10-14,750,11.7
2012-10-15,751,11.8
2012-10-16,752,11.9
2012-10-17,753,11.8
2012-10-18,754,11.9
2012-10-19,755,11.7
2012-10-20,756,11.7
2012-10-21,757,11.6
2012-10-22,758,11.7
2012-10-23,759,11.6
2012-10-24,760,11.6
2012-10-25,761,10.9
2012-10-26,762,10.2
2012-10-27,763,10.3
2012-10-28,764,10.7
2012-10-29,765,10.6
2012-10-30,766,10.9
2012-10-31,767,11.2
2012-11-01,768,10.6
2012-11-02,769,10.5
2012-11-03,770,10.6
2012-11-04,771,10.8
2012-11-05,772,10.8
2012-11-06,773,10.9
2012-11-07,774,10.9
2012-11-08,775,10.9
2012-11-09,776,10.8
2012-11-10,777,10.9
2012-11-11,778,10.9
2012-11-12,779,11.0
2012-11-13,780,10.9
2012-11-14,781,10.9
2012-11-15,782,11.2
2012-11-16,783,11.8
2012-11-17,784,11.8
2012-11-18,785,11.6
2012-11-19,786,11.8
2012-11-20,787,11.7
2012-11-21,788,11.8
2012-11-22,789,12.4
2012-11-23,790,12.4
2012-11-24,791,12.4
2012-11-25,792,12.5
2012-11-26,793,12.3
2012-11-27,794,12.2
2012-11-28,795,12.4
2012-11-29,796,12.4
2012-11-30,797,12.6
2012-12-01,798,12.6
2012-12-02,799,12.5
2012-12-03,800,12.7
2012-12-04,801,13.4
2012-12-05,802,13.4
2012-12-06,803,13.3
2012-12-07,804,13.5
2012-12-08,805,13.4
2012-12-09,806,13.4
2012-12-10,807,13.4
2012-12-11,808,13.6
2012-12-12,809,13.7
2012-12-13,810,13.7
2012-12-14,811,13.6
2012-12-15,812,13.5
2012-12-16,813,13.3
2012-12-17,814,13.3
2012-12-18,815,13.3
2012-12-19,816,13.6
2012-12-20,817,13.5
2012-12-21,818,13.5
2012-12-22,819,13.4
2012-12-23,820,13.3
2012-12-24,821,13.4
2012-12-25,822,13.4
2012-12-26,823,13.5
2012-12-27,824,13.4
2012-12-28,825,13.4
2012-12-29,826,13.4
2012-12-30,827,13.4
2012-12-31,828,13.5
2013-01-01,829,13.3
2013-01-02,830,13.3
2013-01-03,831,13.4
2013-01-04,832,13.5
2013-01-05,833,13.4
2013-01-06,834,13.4
2013-01-07,835,13.6
2013-01-08,836,13.7
2013-01-09,837,13.8
2013-01-10,838,14.1
2013-01-11,839,14.1
2013-01-12,840,14.2
2013-01-13,841,14.1
2013-01-14,842,14.3
2013-01-15,843,14.3
2013-01-16,844,14.7
2013-01-17,845,15.5
2013-01-18,846,15.7
2013-01-19,847,15.6
2013-01-20,848,15.7
2013-01-21,849,16.8
2013-01-22,850,17.3
2013-01-23,851,17.5
2013-01-24,852,16.9
2013-01-25,853,17.4
2013-01-26,854,17.9
2013-01-27,855,17.8
2013-01-28,856,18.7
2013-01-29,857,19.5
2013-01-30,858,19.7
2013-01-31,859,20.4
2013-02-01,860,20.5
2013-02-02,861,19.6
2013-02-03,862,20.6
2013-02-04,863,20.4
2013-02-05,864,20.6
2013-02-06,865,21.2
2013-02-07,866,22.1
2013-02-08,867,22.7
2013-02-09,868,23.6
2013-02-10,869,24.0
2013-02-11,870,24.6
2013-02-12,871,25.2
2013-02-13,872,24.2
2013-02-14,873,27.2
2013-02-15,874,27.1
2013-02-16,875,27.2
2013-02-17,876,26.8
2013-02-18,877,27.0
2013-02-19,878,29.4
2013-02-20,879,29.6
2013-02-21,880,29.8
2013-02-22,881,30.3
2013-02-23,882,29.8
2013-02-24,883,29.9
2013-02-25,884,30.4
2013-02-26,885,31.1
2013-02-27,886,30.9
2013-02-28,887,33.4
2013-03-01,888,34.5
2013-03-02,889,34.3
2013-03-03,890,34.5
2013-03-04,891,36.2
2013-03-05,892,40.3
2013-03-06,893,41.0
2013-03-07,894,42.0
2013-03-08,895,44.2
2013-03-09,896,46.8
2013-03-10,897,46.0
2013-03-11,898,48.4
2013-03-12,899,44.3
2013-03-13,900,46.9
2013-03-14,901,47.2
2013-03-15,902,47.0
2013-03-16,903,47.0
2013-03-17,904,47.4
2013-03-18,905,51.6
2013-03-19,906,59.1
2013-03-20,907,64.5
2013-03-21,908,70.8
2013-03-22,909,69.9
2013-03-23,910,64.3
2013-03-24,911,71.5
2013-03-25,912,73.6
2013-03-26,913,78.5
2013-03-27,914,88.9
2013-03-28,915,86.2
2013-03-29,916,90.5
2013-03-30,917,92.2
2013-03-31,918,93.0
2013-04-01,919,104.0
2013-04-02,920,118.0
2013-04-03,921,135.0
2013-04-04,922,132.1
2013-04-05,923,142.3
2013-04-06,924,142.6
2013-04-07,925,162.3
2013-04-08,926,187.5
2013-04-09,927,230.0
2013-04-10,928,165.0
2013-04-11,929,124.9
2013-04-12,930,117.0
2013-04-13,931,93.0
2013-04-14,932,90.0
2013-04-15,933,82.4
2013-04-16,934,68.4
2013-04-17,935,93.1
2013-04-18,936,109.0
2013-04-19,937,118.5
2013-04-20,938,126.6
2013-04-21,939,119.2
2013-04-22,940,127.4
2013-04-23,941,143.5
2013-04-24,942,154.2
2013-04-25,943,141.7
2013-04-26,944,136.9
2013-04-27,945,128.0
2013-04-28,946,134.4
2013-04-29,947,144.0
2013-04-30,948,139.2
2013-05-01,949,116.4
2013-05-02,950,106.3
2013-05-03,951,98.1
2013-05-04,952,112.9
2013-05-05,953,116.0
2013-05-06,954,112.3
2013-05-07,955,109.6
2013-05-08,956,113.2
2013-05-09,957,112.8
2013-05-10,958,117.7
2013-05-11,959,115.6
2013-05-12,960,114.8
2013-05-13,961,118.0
2013-05-14,962,111.4
2013-05-15,963,114.2
2013-05-16,964,118.2
2013-05-17,965,123.5
2013-05-18,966,123.2
2013-05-19,967,122.5
2013-05-20,968,122.0
2013-05-21,969,122.9
2013-05-22,970,123.8
2013-05-23,971,126.3
2013-05-24,972,133.1
2013-05-25,973,132.0
2013-05-26,974,133.5
2013-05-27,975,129.8
2013-05-28,976,129.0
2013-05-29,977,132.3
2013-05-30,978,128.8
2013-05-31,979,128.8
2013-06-01,980,129.3
2013-06-02,981,122.5
2013-06-03,982,120.7
2013-06-04,983,121.4
2013-06-05,984,121.9
2013-06-06,985,119.0
2013-06-07,986,111.0
2013-06-08,987,107.9
2013-06-09,988,100.4
2013-06-10,989,106.3
2013-06-11,990,109.0
2013-06-12,991,108.8
2013-06-13,992,103.9
2013-06-14,993,100.0
2013-06-15,994,99.8
2013-06-16,995,99.9
2013-06-17,996,101.9
2013-06-18,997,107.3
2013-06-19,998,108.3
2013-06-20,999,111.3
2013-06-21,1000,109.5
2013-06-22,1001,108.2
2013-06-23,1002,107.9
2013-06-24,1003,102.1
2013-06-25,1004,103.3
2013-06-26,1005,104.0
2013-06-27,1006,101.7
2013-06-28,1007,94.7
2013-06-29,1008,95.0
2013-06-30,1009,97.5
2013-07-01,1010,88.1
2013-07-02,1011,90.4
2013-07-03,1012,78.9
2013-07-04,1013,80.0
2013-07-05,1014,68.5
2013-07-06,1015,69.7
2013-07-07,1016,76.5
2013-07-08,1017,76.0
2013-07-09,1018,76.7
2013-07-10,1019,88.0
2013-07-11,1020,89.0
2013-07-12,1021,94.0
2013-07-13,1022,98.3
2013-07-14,1023,94.4
2013-07-15,1024,98.9
2013-07-16,1025,97.1
2013-07-17,1026,98.5
2013-07-18,1027,90.1
2013-07-19,1028,92.0
2013-07-20,1029,89.8
2013-07-21,1030,92.0
2013-07-22,1031,91.6
2013-07-23,1032,95.6
2013-07-24,1033,95.1
2013-07-25,1034,96.9
2013-07-26,1035,96.0
2013-07-27,1036,94.4
2013-07-28,1037,98.8
2013-07-29,1038,101.5
2013-07-30,1039,108.0
2013-07-31,1040,106.2
2013-08-01,1041,104.0
2013-08-02,1042,104.5
2013-08-03,1043,104.9
2013-08-04,1044,105.1
2013-08-05,1045,106.7
2013-08-06,1046,106.6
2013-08-07,1047,106.0
2013-08-08,1048,103.1
2013-08-09,1049,102.8
2013-08-10,1050,103.0
2013-08-11,1051,105.0
2013-08-12,1052,106.8
2013-08-13,1053,109.6
2013-08-14,1054,112.6
2013-08-15,1055,110.0
2013-08-16,1056,109.0
2013-08-17,1057,112.8
2013-08-18,1058,113.4
2013-08-19,1059,118.5
2013-08-20,1060,121.2
2013-08-21,1061,123.3
2013-08-22,1062,122.0
2013-08-23,1063,118.5
2013-08-24,1064,119.6
2013-08-25,1065,122.1
2013-08-26,1066,120.1
2013-08-27,1067,131.3
2013-08-28,1068,128.8
2013-08-29,1069,129.3
2013-08-30,1070,138.0
2013-08-31,1071,141.0
2013-09-01,1072,146.0
2013-09-02,1073,144.0
2013-09-03,1074,144.0
2013-09-04,1075,132.5
2013-09-05,1076,130.2
2013-09-06,1077,121.9
2013-09-07,1078,129.0
2013-09-08,1079,126.3
2013-09-09,1080,133.1
2013-09-10,1081,132.6
2013-09-11,1082,142.1
2013-09-12,1083,139.4
2013-09-13,1084,140.7
2013-09-14,1085,136.7
2013-09-15,1086,138.3
2013-09-16,1087,139.4
2013-09-17,1088,139.1
2013-09-18,1089,140.4
2013-09-19,1090,135.1
2013-09-20,1091,133.8
2013-09-21,1092,134.4
2013-09-22,1093,134.0
2013-09-23,1094,133.4
2013-09-24,1095,134.8
2013-09-25,1096,135.0
2013-09-26,1097,137.1
2013-09-27,1098,138.9
2013-09-28,1099,142.5
2013-09-29,1100,143.9
2013-09-30,1101,141.9
2013-10-01,1102,140.3
2013-10-02,1103,123.0
2013-10-03,1104,131.0
2013-10-04,1105,136.8
2013-10-05,1106,136.7
2013-10-06,1107,137.8
2013-10-07,1108,135.8
2013-10-08,1109,136.5
2013-10-09,1110,139.5
2013-10-10,1111,140.4
2013-10-11,1112,140.1
2013-10-12,1113,142.9
2013-10-13,1114,147.5
2013-10-14,1115,151.4
2013-10-15,1116,158.1
2013-10-16,1117,152.8
2013-10-17,1118,157.6
2013-10-18,1119,168.3
2013-10-19,1120,183.1
2013-10-20,1121,186.1
2013-10-21,1122,192.8
2013-10-22,1123,203.0
2013-10-23,1124,228.0
2013-10-24,1125,207.0
2013-10-25,1126,197.9
2013-10-26,1127,188.6
2013-10-27,1128,206.9
2013-10-28,1129,206.9
2013-10-29,1130,216.0
2013-10-30,1131,208.0
2013-10-31,1132,211.2
2013-11-01,1133,213.4
2013-11-02,1134,211.7
2013-11-03,1135,224.0
2013-11-04,1136,238.2
2013-11-05,1137,251.3
2013-11-06,1138,264.1
2013-11-07,1139,309.6
2013-11-08,1140,355.0
2013-11-09,1141,367.8
2013-11-10,1142,336.3
2013-11-11,1143,363.0
2013-11-12,1144,380.0
2013-11-13,1145,434.9
2013-11-14,1146,433.4
2013-11-15,1147,433.9
2013-11-16,1148,462.0
2013-11-17,1149,528.3
2013-11-18,1150,785.4
2013-11-19,1151,645.7
2013-11-20,1152,638.0
2013-11-21,1153,764.9
2013-11-22,1154,802.0
2013-11-23,1155,832.5
2013-11-24,1156,795.0
2013-11-25,1157,830.0
2013-11-26,1158,970.0
2013-11-27,1159,1079.9
2013-11-28,1160,1101.4
2013-11-29,1161,1206.9
2013-11-30,1162,1205.7
2013-12-01,1163,1004.4
2013-12-02,1164,1096.6
2013-12-03,1165,1154.9
2013-12-04,1166,1237.6
2013-12-05,1167,1106.3
2013-12-06,1168,845.0
2013-12-07,1169,697.0
2013-12-08,1170,804.0
2013-12-09,1171,919.0
2013-12-10,1172,1033.7
2013-12-11,1173,919.9
2013-12-12,1174,900.0
2013-12-13,1175,936.8
2013-12-14,1176,908.9
2013-12-15,1177,919.9
2013-12-16,1178,759.9
2013-12-17,1179,715.0
2013-12-18,1180,541.0
2013-12-19,1181,732.0
2013-12-20,1182,650.0
2013-12-21,1183,640.5
2013-12-22,1184,639.5
2013-12-23,1185,713.2
2013-12-24,1186,702.8
2013-12-25,1187,707.3
2013-12-26,1188,802.0
2013-12-27,1189,803.0
2013-12-28,1190,762.0
2013-12-29,1191,785.0
2013-12-30,1192,804.8
2013-12-31,1193,805.9
2014-01-01,1194,815.9
2014-01-02,1195,856.9
2014-01-03,1196,884.3
2014-01-04,1197,924.7
2014-01-05,1198,1014.7
2014-01-06,1199,1012.7
2014-01-07,1200,879.9
2014-01-08,1201,938.8
2014-01-09,1202,937.0
2014-01-10,1203,957.8
2014-01-11,1204,1005.3
2014-01-12,1205,939.8
2014-01-13,1206,922.9
2014-01-14,1207,919.3
2014-01-15,1208,941.2
2014-01-16,1209,913.5
2014-01-17,1210,894.2
2014-01-18,1211,905.7
2014-01-19,1212,954.8
2014-01-20,1213,956.0
2014-01-21,1214,962.2
2014-01-22,1215,951.0
2014-01-23,1216,944.2
2014-01-24,1217,916.5
2014-01-25,1218,961.0
2014-01-26,1219,1007.0
2014-01-27,1220,943.5
2014-01-28,1221,932.7
2014-01-29,1222,925.7
2014-01-30,1223,941.4
2014-01-31,1224,938.8
2014-02-01,1225,940.4
2014-02-02,1226,953.3
2014-02-03,1227,931.7
2014-02-04,1228,926.6
2014-02-05,1229,904.5
2014-02-06,1230,828.9
2014-02-07,1231,695.7
2014-02-08,1232,648.8
2014-02-09,1233,659.6
2014-02-10,1234,582.6
2014-02-11,1235,579.0
2014-02-12,1236,531.1
2014-02-13,1237,451.4
2014-02-14,1238,427.7
2014-02-15,1239,371.1
2014-02-16,1240,299.8
2014-02-17,1241,272.3
2014-02-18,1242,294.0
2014-02-19,1243,261.5
2014-02-20,1244,111.9
2014-02-21,1245,111.6
2014-02-22,1246,255.6
2014-02-23,1247,310.2
2014-02-24,1248,174.0
2014-02-25,1249,135.8
2014-02-26,1250,593.1
2014-02-27,1251,596.5
2014-02-28,1252,573.9
2014-03-01,1253,557.4
2014-03-02,1254,544.6
2014-03-03,1255,662.2
2014-03-04,1256,661.8
2014-03-05,1257,658.3
2014-03-06,1258,648.3
2014-03-07,1259,616.7
2014-03-08,1260,609.2
2014-03-09,1261,627.0
2014-03-10,1262,613.0
2014-03-11,1263,608.7
2014-03-12,1264,619.4
2014-03-13,1265,625.0
2014-03-14,1266,614.0
2014-03-15,1267,624.0
2014-03-16,1268,619.1
2014-03-17,1269,606.4
2014-03-18,1270,598.9
2014-03-19,1271,595.0
2014-03-20,1272,566.0
2014-03-21,1273,549.6
2014-03-22,1274,564.3
2014-03-23,1275,551.2
2014-03-24,1276,567.6
2014-03-25,1277,562.9
2014-03-26,1278,562.5
2014-03-27,1279,460.5
2014-03-28,1280,482.6
2014-03-29,1281,477.1
2014-03-30,1282,446.9
2014-03-31,1283,444.7
2014-04-01,1284,463.5
2014-04-02,1285,424.4
2014-04-03,1286,436.3
2014-04-04,1287,444.4
2014-04-05,1288,456.6
2014-04-06,1289,455.7
2014-04-07,1290,462.4
2014-04-08,1291,466.6
2014-04-09,1292,457.3
2014-04-10,1293,384.6
2014-04-11,1294,435.1
2014-04-12,1295,437.6
2014-04-13,1296,427.6
2014-04-14,1297,478.4
2014-04-15,1298,526.4
2014-04-16,1299,537.0
2014-04-17,1300,502.0
2014-04-18,1301,485.5
2014-04-19,1302,506.0
2014-04-20,1303,498.5
2014-04-21,1304,495.2
2014-04-22,1305,487.9
2014-04-23,1306,487.3
2014-04-24,1307,500.3
2014-04-25,1308,464.5
2014-04-26,1309,457.9
2014-04-27,1310,443.2
2014-04-28,1311,441.9
2014-04-29,1312,446.1
2014-04-30,1313,445.6
2014-05-01,1314,460.1
2014-05-02,1315,453.7
2014-05-03,1316,438.6
2014-05-04,1317,436.0
2014-05-05,1318,430.9
2014-05-06,1319,432.2
2014-05-07,1320,446.5
2014-05-08,1321,441.1
2014-05-09,1322,445.5
2014-05-10,1323,451.9
2014-05-11,1324,433.2
2014-05-12,1325,438.2
2014-05-13,1326,433.9
2014-05-14,1327,442.6
2014-05-15,1328,448.1
2014-05-16,1329,453.6
2014-05-17,1330,452.8
2014-05-18,1331,450.1
2014-05-19,1332,443.9
2014-05-20,1333,484.6
2014-05-21,1334,488.8
2014-05-22,1335,515.4
2014-05-23,1336,518.1
2014-05-24,1337,520.5
2014-05-25,1338,570.4
2014-05-26,1339,582.0
2014-05-27,1340,570.1
2014-05-28,1341,570.8
2014-05-29,1342,564.4
2014-05-30,1343,612.3
2014-05-31,1344,627.9
2014-06-01,1345,649.8
2014-06-02,1346,655.5
2014-06-03,1347,669.4
2014-06-04,1348,638.9
2014-06-05,1349,660.2
2014-06-06,1350,650.4
2014-06-07,1351,651.7
2014-06-08,1352,651.0
2014-06-09,1353,644.3
2014-06-10,1354,655.6
2014-06-11,1355,643.0
2014-06-12,1356,597.1
2014-06-13,1357,610.3
2014-06-14,1358,583.4
2014-06-15,1359,582.3
2014-06-16,1360,599.1
2014-06-17,1361,605.1
2014-06-18,1362,606.2
2014-06-19,1363,600.2
2014-06-20,1364,590.8
2014-06-21,1365,597.0
2014-06-22,1366,603.6
2014-06-23,1367,591.2
2014-06-24,1368,588.8
2014-06-25,1369,568.5
2014-06-26,1370,582.7
2014-06-27,1371,602.2
2014-06-28,1372,597.6
2014-06-29,1373,601.1
2014-06-30,1374,635.1
2014-07-01,1375,643.2
2014-07-02,1376,645.7
2014-07-03,1377,638.0
2014-07-04,1378,624.0
2014-07-05,1379,623.0
2014-07-06,1380,626.7
2014-07-07,1381,613.6
2014-07-08,1382,615.3
2014-07-09,1383,623.0
2014-07-10,1384,618.4
2014-07-11,1385,632.9
2014-07-12,1386,635.9
2014-07-13,1387,628.0
2014-07-14,1388,618.3
2014-07-15,1389,619.6
2014-07-16,1390,614.8
2014-07-17,1391,626.6
2014-07-18,1392,627.5
2014-07-19,1393,627.0
2014-07-20,1394,621.0
2014-07-21,1395,625.1
2014-07-22,1396,622.5
2014-07-23,1397,621.7
2014-07-24,1398,601.9
2014-07-25,1399,600.5
2014-07-26,1400,596.0
2014-07-27,1401,595.0
2014-07-28,1402,587.9
2014-07-29,1403,585.8
2014-07-30,1404,564.6
2014-07-31,1405,589.5
2014-08-01,1406,598.8
2014-08-02,1407,591.7
2014-08-03,1408,588.9
2014-08-04,1409,592.8
2014-08-05,1410,588.8
2014-08-06,1411,589.8
2014-08-07,1412,592.8
2014-08-08,1413,595.8
2014-08-09,1414,589.5
2014-08-10,1415,592.1
2014-08-11,1416,575.9
2014-08-12,1417,567.7
2014-08-13,1418,542.1
2014-08-14,1419,504.8
2014-08-15,1420,496.5
2014-08-16,1421,522.0
2014-08-17,1422,485.5
2014-08-18,1423,462.2
2014-08-19,1424,485.1
2014-08-20,1425,516.8
2014-08-21,1426,517.9
2014-08-22,1427,516.1
2014-08-23,1428,497.7
2014-08-24,1429,509.7
2014-08-25,1430,502.9
2014-08-26,1431,512.6
2014-08-27,1432,515.2
2014-08-28,1433,510.8
2014-08-29,1434,512.6
2014-08-30,1435,506.0
2014-08-31,1436,481.8
2014-09-01,1437,477.2
2014-09-02,1438,478.9
2014-09-03,1439,480.0
2014-09-04,1440,491.0
2014-09-05,1441,483.6
2014-09-06,1442,484.5
2014-09-07,1443,485.8
2014-09-08,1444,475.7
2014-09-09,1445,474.9
2014-09-10,1446,479.7
2014-09-11,1447,478.5
2014-09-12,1448,477.7
2014-09-13,1449,478.2
2014-09-14,1450,477.7
2014-09-15,1451,477.7
2014-09-16,1452,466.8
2014-09-17,1453,461.1
2014-09-18,1454,424.3
2014-09-19,1455,397.7
2014-09-20,1456,411.5
2014-09-21,1457,401.6
2014-09-22,1458,404.1
2014-09-23,1459,436.9
2014-09-24,1460,423.8
2014-09-25,1461,412.3
2014-09-26,1462,404.5
2014-09-27,1463,399.0
2014-09-28,1464,379.1
2014-09-29,1465,376.8
2014-09-30,1466,388.2
2014-10-01,1467,382.8
2014-10-02,1468,375.1
2014-10-03,1469,363.5
2014-10-04,1470,335.3
2014-10-05,1471,322.9
2014-10-06,1472,331.5
2014-10-07,1473,331.6
2014-10-08,1474,350.9
2014-10-09,1475,360.9
2014-10-10,1476,361.7
2014-10-11,1477,361.2
2014-10-12,1478,373.2
2014-10-13,1479,387.3
2014-10-14,1480,397.1
2014-10-15,1481,393.2
2014-10-16,1482,379.8
2014-10-17,1483,380.5
2014-10-18,1484,390.9
2014-10-19,1485,387.3
2014-10-20,1486,380.4
2014-10-21,1487,382.4
2014-10-22,1488,378.9
2014-10-23,1489,355.8
2014-10-24,1490,355.1
2014-10-25,1491,346.7
2014-10-26,1492,348.7
2014-10-27,1493,350.1
2014-10-28,1494,351.1
2014-10-29,1495,335.1
2014-10-30,1496,344.9
2014-10-31,1497,337.9
2014-11-01,1498,325.4
2014-11-02,1499,322.5
2014-11-03,1500,324.2
2014-11-04,1501,328.0
2014-11-05,1502,338.0
2014-11-06,1503,347.7
2014-11-07,1504,341.9
2014-11-08,1505,343.5
2014-11-09,1506,362.0
2014-11-10,1507,367.1
2014-11-11,1508,365.4
2014-11-12,1509,432.0
2014-11-13,1510,428.7
2014-11-14,1511,396.5
2014-11-15,1512,374.9
2014-11-16,1513,385.6
2014-11-17,1514,384.7
2014-11-18,1515,379.2
2014-11-19,1516,381.4
2014-11-20,1517,357.3
2014-11-21,1518,351.8
2014-11-22,1519,352.0
2014-11-23,1520,365.9
2014-11-24,1521,378.9
2014-11-25,1522,376.4
2014-11-26,1523,365.4
2014-11-27,1524,368.8
2014-11-28,1525,377.6
2014-11-29,1526,376.3
2014-11-30,1527,374.9
2014-12-01,1528,378.6
2014-12-02,1529,380.6
2014-12-03,1530,377.0
2014-12-04,1531,369.8
2014-12-05,1532,377.6
2014-12-06,1533,376.3
2014-12-07,1534,376.5
2014-12-08,1535,365.0
2014-12-09,1536,352.2
2014-12-10,1537,347.9
2014-12-11,1538,347.7
2014-12-12,1539,353.4
2014-12-13,1540,348.2
2014-12-14,1541,349.4
2014-12-15,1542,345.4
2014-12-16,1543,330.2
2014-12-17,1544,320.0
2014-12-18,1545,310.3
2014-12-19,1546,317.8
2014-12-20,1547,330.4
2014-12-21,1548,322.6
2014-12-22,1549,330.8
2014-12-23,1550,335.3
2014-12-24,1551,322.4
2014-12-25,1552,319.0
2014-12-26,1553,330.0
2014-12-27,1554,315.3
2014-12-28,1555,316.5
2014-12-29,1556,314.1
2014-12-30,1557,311.3
2014-12-31,1558,318.2
2015-01-01,1559,314.9
2015-01-02,1560,315.2
2015-01-03,1561,287.1
2015-01-04,1562,264.7
2015-01-05,1563,274.8
2015-01-06,1564,282.3
2015-01-07,1565,291.3
2015-01-08,1566,282.7
2015-01-09,1567,288.0
2015-01-10,1568,273.4
2015-01-11,1569,264.8
2015-01-12,1570,269.3
2015-01-13,1571,221.3
2015-01-14,1572,164.9
2015-01-15,1573,209.8
2015-01-16,1574,206.9
2015-01-17,1575,199.6
2015-01-18,1576,210.6
2015-01-19,1577,215.9
2015-01-20,1578,210.6
2015-01-21,1579,228.2
2015-01-22,1580,232.7
2015-01-23,1581,232.2
2015-01-24,1582,248.2
2015-01-25,1583,252.1
2015-01-26,1584,269.2
2015-01-27,1585,263.3
2015-01-28,1586,236.2
2015-01-29,1587,234.0
2015-01-30,1588,231.8
2015-01-31,1589,218.5
2015-02-01,1590,225.3
2015-02-02,1591,238.9
2015-02-03,1592,227.4
2015-02-04,1593,226.6
2015-02-05,1594,216.5
2015-02-06,1595,223.0
2015-02-07,1596,227.7
2015-02-08,1597,223.7
2015-02-09,1598,220.3
2015-02-10,1599,219.7
2015-02-11,1600,218.8
2015-02-12,1601,221.8
2015-02-13,1602,236.2
2015-02-14,1603,258.6
2015-02-15,1604,233.3
2015-02-16,1605,235.8
2015-02-17,1606,243.2
2015-02-18,1607,235.2
2015-02-19,1608,241.9
2015-02-20,1609,244.5
2015-02-21,1610,244.4
2015-02-22,1611,235.7
2015-02-23,1612,238.8
2015-02-24,1613,238.9
2015-02-25,1614,237.3
2015-02-26,1615,236.5
2015-02-27,1616,253.5
2015-02-28,1617,254.1
2015-03-01,1618,257.9
2015-03-02,1619,273.8
2015-03-03,1620,280.6
2015-03-04,1621,271.9
2015-03-05,1622,275.2
2015-03-06,1623,272.6
2015-03-07,1624,274.9
2015-03-08,1625,274.5
2015-03-09,1626,290.0
2015-03-10,1627,291.4
2015-03-11,1628,295.6
2015-03-12,1629,293.9
2015-03-13,1630,287.2
2015-03-14,1631,281.6
2015-03-15,1632,284.9
2015-03-16,1633,290.4
2015-03-17,1634,285.4
2015-03-18,1635,255.9
2015-03-19,1636,260.9
2015-03-20,1637,261.8
2015-03-21,1638,259.7
2015-03-22,1639,268.6
2015-03-23,1640,265.5
2015-03-24,1641,246.7
2015-03-25,1642,246.4
2015-03-26,1643,248.0
2015-03-27,1644,247.2
2015-03-28,1645,252.0
2015-03-29,1646,242.1
2015-03-30,1647,246.8
2015-03-31,1648,244.1
2015-04-01,1649,246.2
2015-04-02,1650,252.6
2015-04-03,1651,254.5
2015-04-04,1652,252.9
2015-04-05,1653,259.6
2015-04-06,1654,255.0
2015-04-07,1655,253.0
2015-04-08,1656,244.6
2015-04-09,1657,243.3
2015-04-10,1658,234.7
2015-04-11,1659,236.5
2015-04-12,1660,235.9
2015-04-13,1661,223.6
2015-04-14,1662,218.0
2015-04-15,1663,223.0
2015-04-16,1664,228.0
2015-04-17,1665,222.6
2015-04-18,1666,223.4
2015-04-19,1667,223.0
2015-04-20,1668,224.2
2015-04-21,1669,233.7
2015-04-22,1670,233.8
2015-04-23,1671,235.4
2015-04-24,1672,231.1
2015-04-25,1673,226.1
2015-04-26,1674,218.7
2015-04-27,1675,229.0
2015-04-28,1676,225.8
2015-04-29,1677,225.4
2015-04-30,1678,235.8
2015-05-01,1679,233.2
2015-05-02,1680,235.3
2015-05-03,1681,240.0
2015-05-04,1682,239.0
2015-05-05,1683,235.8
2015-05-06,1684,230.0
2015-05-07,1685,237.7
2015-05-08,1686,243.7
2015-05-09,1687,241.4
2015-05-10,1688,240.0
2015-05-11,1689,241.8
2015-05-12,1690,241.6
2015-05-13,1691,236.4
2015-05-14,1692,236.9
2015-05-15,1693,237.2
2015-05-16,1694,236.2
2015-05-17,1695,236.3
2015-05-18,1696,232.6
2015-05-19,1697,232.0
2015-05-20,1698,234.0
2015-05-21,1699,235.4
2015-05-22,1700,240.4
2015-05-23,1701,238.9
2015-05-24,1702,241.0
2015-05-25,1703,237.4
2015-05-26,1704,237.8
2015-05-27,1705,237.3
2015-05-28,1706,237.3
2015-05-29,1707,237.0
2015-05-30,1708,233.2
2015-05-31,1709,229.8
2015-06-01,1710,223.1
2015-06-02,1711,225.7
2015-06-03,1712,225.6
2015-06-04,1713,224.2
2015-06-05,1714,225.3
2015-06-06,1715,224.7
2015-06-07,1716,223.5
2015-06-08,1717,228.6
2015-06-09,1718,229.6
2015-06-10,1719,228.8
2015-06-11,1720,229.9
2015-06-12,1721,230.5
2015-06-13,1722,232.5
2015-06-14,1723,233.8
2015-06-15,1724,237.0
2015-06-16,1725,249.8
2015-06-17,1726,247.4
2015-06-18,1727,248.4
2015-06-19,1728,244.1
2015-06-20,1729,245.0
2015-06-21,1730,244.1
2015-06-22,1731,247.5
2015-06-23,1732,243.8
2015-06-24,1733,240.6
2015-06-25,1734,242.6
2015-06-26,1735,242.9
2015-06-27,1736,250.7
2015-06-28,1737,248.9
2015-06-29,1738,257.0
2015-06-30,1739,264.1
2015-07-01,1740,257.6
2015-07-02,1741,254.9
2015-07-03,1742,255.4
2015-07-04,1743,260.5
2015-07-05,1744,270.1
2015-07-06,1745,269.1
2015-07-07,1746,266.2
2015-07-08,1747,268.6
2015-07-09,1748,269.1
2015-07-10,1749,283.6
2015-07-11,1750,292.0
2015-07-12,1751,310.4
2015-07-13,1752,290.4
2015-07-14,1753,287.0
2015-07-15,1754,283.4
2015-07-16,1755,276.6
2015-07-17,1756,279.6
2015-07-18,1757,274.0
2015-07-19,1758,273.2
2015-07-20,1759,277.7
2015-07-21,1760,275.1
2015-07-22,1761,276.5
2015-07-23,1762,275.5
2015-07-24,1763,288.4
2015-07-25,1764,288.7
2015-07-26,1765,291.8
2015-07-27,1766,293.0
2015-07-28,1767,293.7
2015-07-29,1768,288.4
2015-07-30,1769,287.0
2015-07-31,1770,283.7
2015-08-01,1771,280.5
2015-08-02,1772,281.4
2015-08-03,1773,281.6
2015-08-04,1774,284.3
2015-08-05,1775,281.7
2015-08-06,1776,278.0
2015-08-07,1777,277.9
2015-08-08,1778,258.6
2015-08-09,1779,263.9
2015-08-10,1780,263.3
2015-08-11,1781,269.0
2015-08-12,1782,267.7
2015-08-13,1783,263.4
2015-08-14,1784,265.0
2015-08-15,1785,260.5
2015-08-16,1786,257.1
2015-08-17,1787,257.1
2015-08-18,1788,246.7
2015-08-19,1789,226.0
2015-08-20,1790,234.7
2015-08-21,1791,232.4
2015-08-22,1792,229.5
2015-08-23,1793,226.8
2015-08-24,1794,211.4
2015-08-25,1795,220.5
2015-08-26,1796,225.0
2015-08-27,1797,222.7
2015-08-28,1798,231.6
2015-08-29,1799,228.5
2015-08-30,1800,228.4
2015-08-31,1801,229.5
2015-09-01,1802,227.2
2015-09-02,1803,228.6
2015-09-03,1804,226.2
2015-09-04,1805,230.3
2015-09-05,1806,233.7
2015-09-06,1807,239.9
2015-09-07,1808,239.6
2015-09-08,1809,243.2
2015-09-09,1810,237.4
2015-09-10,1811,238.1
2015-09-11,1812,239.9
2015-09-12,1813,235.6
2015-09-13,1814,230.2
2015-09-14,1815,229.9
2015-09-15,1816,229.5
2015-09-16,1817,228.6
2015-09-17,1818,232.7
2015-09-18,1819,232.2
2015-09-19,1820,231.1
2015-09-20,1821,231.1
2015-09-21,1822,226.3
2015-09-22,1823,230.0
2015-09-23,1824,229.9
2015-09-24,1825,233.8
2015-09-25,1826,235.0
2015-09-26,1827,234.3
2015-09-27,1828,232.5
2015-09-28,1829,238.9
2015-09-29,1830,236.7
2015-09-30,1831,235.9
2015-10-01,1832,237.1
2015-10-02,1833,236.7
2015-10-03,1834,238.6
2015-10-04,1835,238.3
2015-10-05,1836,240.1
2015-10-06,1837,246.1
2015-10-07,1838,243.0
2015-10-08,1839,242.6
2015-10-09,1840,244.0
2015-10-10,1841,245.4
2015-10-11,1842,247.6
2015-10-12,1843,245.4
2015-10-13,1844,248.8
2015-10-14,1845,252.3
2015-10-15,1846,254.4
2015-10-16,1847,262.9
2015-10-17,1848,269.6
2015-10-18,1849,261.7
2015-10-19,1850,263.8
2015-10-20,1851,269.8
2015-10-21,1852,267.1
2015-10-22,1853,274.4
2015-10-23,1854,276.9
2015-10-24,1855,282.6
2015-10-25,1856,287.9
2015-10-26,1857,285.1
2015-10-27,1858,294.7
2015-10-28,1859,303.5
2015-10-29,1860,313.6
2015-10-30,1861,327.1
2015-10-31,1862,311.2
2015-11-01,1863,323.0
2015-11-02,1864,359.3
2015-11-03,1865,396.5
2015-11-04,1866,400.9
2015-11-05,1867,382.7
2015-11-06,1868,369.8
2015-11-07,1869,385.1
2015-11-08,1870,371.6
2015-11-09,1871,380.2
2015-11-10,1872,336.7
2015-11-11,1873,304.7
2015-11-12,1874,333.9
2015-11-13,1875,333.8
2015-11-14,1876,331.8
2015-11-15,1877,317.5
2015-11-16,1878,330.2
2015-11-17,1879,333.9
2015-11-18,1880,335.9
2015-11-19,1881,325.0
2015-11-20,1882,321.1
2015-11-21,1883,324.7
2015-11-22,1884,322.8
2015-11-23,1885,322.1
2015-11-24,1886,318.4
2015-11-25,1887,327.5
2015-11-26,1888,353.7
2015-11-27,1889,359.5
2015-11-28,1890,355.8
2015-11-29,1891,370.8
2015-11-30,1892,378.0
2015-12-01,1893,361.8
2015-12-02,1894,360.0
2015-12-03,1895,360.3
2015-12-04,1896,361.7
2015-12-05,1897,386.7
2015-12-06,1898,393.4
2015-12-07,1899,394.3
2015-12-08,1900,410.7
2015-12-09,1901,416.0
2015-12-10,1902,415.5
2015-12-11,1903,449.8
2015-12-12,1904,432.3
2015-12-13,1905,434.7
2015-12-14,1906,442.0
2015-12-15,1907,462.6
2015-12-16,1908,454.0
2015-12-17,1909,455.5
2015-12-18,1910,463.2
2015-12-19,1911,461.2
2015-12-20,1912,441.8
2015-12-21,1913,437.6
2015-12-22,1914,437.0
2015-12-23,1915,442.4
2015-12-24,1916,453.0
2015-12-25,1917,454.0
2015-12-26,1918,415.4
2015-12-27,1919,422.4
2015-12-28,1920,421.8
2015-12-29,1921,431.9
2015-12-30,1922,427.1
2015-12-31,1923,430.0
2016-01-01,1924,434.0
2016-01-02,1925,433.7
2016-01-03,1926,430.7
2016-01-04,1927,433.3
2016-01-05,1928,431.2
2016-01-06,1929,430.8
2016-01-07,1930,457.0
2016-01-08,1931,452.9
2016-01-09,1932,448.3
2016-01-10,1933,446.2
2016-01-11,1934,447.7
2016-01-12,1935,445.0
2016-01-13,1936,432.2
2016-01-14,1937,429.1
2016-01-15,1938,372.3
2016-01-16,1939,385.0
2016-01-17,1940,382.5
2016-01-18,1941,384.4
2016-01-19,1942,379.5
2016-01-20,1943,414.6
2016-01-21,1944,410.2
2016-01-22,1945,382.6
2016-01-23,1946,388.6
2016-01-24,1947,402.1
2016-01-25,1948,392.8
2016-01-26,1949,389.8
2016-01-27,1950,395.0
2016-01-28,1951,379.7
2016-01-29,1952,380.3
2016-01-30,1953,377.8
2016-01-31,1954,369.8
2016-02-01,1955,372.2
2016-02-02,1956,373.9
2016-02-03,1957,368.0
2016-02-04,1958,390.6
2016-02-05,1959,386.5
2016-02-06,1960,376.7
2016-02-07,1961,377.9
2016-02-08,1962,372.6
2016-02-09,1963,375.3
2016-02-10,1964,381.9
2016-02-11,1965,379.5
2016-02-12,1966,384.0
2016-02-13,1967,390.1
2016-02-14,1968,405.5
2016-02-15,1969,401.1
2016-02-16,1970,406.4
2016-02-17,1971,417.1
2016-02-18,1972,421.4
2016-02-19,1973,420.0
2016-02-20,1974,440.1
2016-02-21,1975,437.9
2016-02-22,1976,437.8
2016-02-23,1977,419.9
2016-02-24,1978,422.7
2016-02-25,1979,423.5
2016-02-26,1980,427.3
2016-02-27,1981,431.3
2016-02-28,1982,432.5
2016-02-29,1983,436.2
2016-03-01,1984,434.0
2016-03-02,1985,425.4
2016-03-03,1986,419.6
2016-03-04,1987,409.5
2016-03-05,1988,399.0
2016-03-06,1989,406.0
2016-03-07,1990,414.9
2016-03-08,1991,411.9
2016-03-09,1992,412.8
2016-03-10,1993,415.8
2016-03-11,1994,419.1
2016-03-12,1995,410.4
2016-03-13,1996,412.4
2016-03-14,1997,414.3
2016-03-15,1998,415.1
2016-03-16,1999,415.9
2016-03-17,2000,418.2
2016-03-18,2001,408.2
2016-03-19,2002,408.7
2016-03-20,2003,411.5
2016-03-21,2004,411.1
2016-03-22,2005,416.2
2016-03-23,2006,417.0
2016-03-24,2007,414.7
2016-03-25,2008,415.7
2016-03-26,2009,416.5
2016-03-27,2010,424.6
2016-03-28,2011,422.2
2016-03-29,2012,415.0
2016-03-30,2013,412.4
2016-03-31,2014,415.7
2016-04-01,2015,415.6
2016-04-02,2016,418.5
2016-04-03,2017,419.1
2016-04-04,2018,419.3
2016-04-05,2019,422.1
2016-04-06,2020,421.3
2016-04-07,2021,420.1
2016-04-08,2022,417.7
2016-04-09,2023,418.0
2016-04-10,2024,420.3
2016-04-11,2025,421.4
2016-04-12,2026,424.7
2016-04-13,2027,423.5
2016-04-14,2028,424.0
2016-04-15,2029,428.7
2016-04-16,2030,430.0
2016-04-17,2031,426.3
2016-04-18,2032,427.7
2016-04-19,2033,434.9
2016-04-20,2034,441.2
2016-04-21,2035,449.3
2016-04-22,2036,445.3
2016-04-23,2037,450.1
2016-04-24,2038,457.6
2016-04-25,2039,461.7
2016-04-26,2040,466.0
2016-04-27,2041,447.0
2016-04-28,2042,448.5
2016-04-29,2043,455.0
2016-04-30,2044,448.5
2016-05-01,2045,452.2
2016-05-02,2046,444.2
2016-05-03,2047,450.3
2016-05-04,2048,445.8
2016-05-05,2049,448.1
2016-05-06,2050,459.6
2016-05-07,2051,458.5
2016-05-08,2052,457.9
2016-05-09,2053,460.4
2016-05-10,2054,449.4
2016-05-11,2055,452.5
2016-05-12,2056,454.4
2016-05-13,2057,455.4
2016-05-14,2058,456.4
2016-05-15,2059,458.1
2016-05-16,2060,454.9
2016-05-17,2061,453.3
2016-05-18,2062,454.2
2016-05-19,2063,442.7
2016-05-20,2064,442.1
2016-05-21,2065,443.6
2016-05-22,2066,439.6
2016-05-23,2067,443.7
2016-05-24,2068,446.1
2016-05-25,2069,449.8
2016-05-26,2070,453.3
2016-05-27,2071,474.0
2016-05-28,2072,524.2
2016-05-29,2073,516.0
2016-05-30,2074,532.3
2016-05-31,2075,528.9
2016-06-01,2076,537.4
2016-06-02,2077,537.1
2016-06-03,2078,567.0
2016-06-04,2079,572.0
2016-06-05,2080,574.9
2016-06-06,2081,583.6
2016-06-07,2082,575.6
2016-06-08,2083,580.5
2016-06-09,2084,574.7
2016-06-10,2085,577.9
2016-06-11,2086,591.6
2016-06-12,2087,666.5
2016-06-13,2088,700.1
2016-06-14,2089,685.1
2016-06-15,2090,690.8
2016-06-16,2091,761.2
2016-06-17,2092,743.9
2016-06-18,2093,753.8
2016-06-19,2094,761.0
2016-06-20,2095,734.0
2016-06-21,2096,667.4
2016-06-22,2097,590.6
2016-06-23,2098,620.8
2016-06-24,2099,656.9
2016-06-25,2100,663.5
2016-06-26,2101,625.4
2016-06-27,2102,644.7
2016-06-28,2103,644.9
2016-06-29,2104,636.5
2016-06-30,2105,670.0
2016-07-01,2106,674.6
2016-07-02,2107,698.1
2016-07-03,2108,661.6
2016-07-04,2109,675.2
2016-07-05,2110,663.7
2016-07-06,2111,672.7
2016-07-07,2112,635.3
2016-07-08,2113,662.8
2016-07-09,2114,651.8
2016-07-10,2115,647.1
2016-07-11,2116,646.7
2016-07-12,2117,670.6
2016-07-13,2118,661.2
2016-07-14,2119,657.3
2016-07-15,2120,664.2
2016-07-16,2121,660.7
2016-07-17,2122,676.3
2016-07-18,2123,670.4
2016-07-19,2124,671.1
2016-07-20,2125,664.4
2016-07-21,2126,664.6
2016-07-22,2127,651.1
2016-07-23,2128,655.2
2016-07-24,2129,659.3
2016-07-25,2130,654.0
2016-07-26,2131,654.4
2016-07-27,2132,654.5
2016-07-28,2133,654.1
2016-07-29,2134,655.4
2016-07-30,2135,654.7
2016-07-31,2136,621.9
2016-08-01,2137,607.0
2016-08-02,2138,513.4
2016-08-03,2139,566.4
2016-08-04,2140,576.2
2016-08-05,2141,574.7
2016-08-06,2142,586.5
2016-08-07,2143,590.8
2016-08-08,2144,589.2
2016-08-09,2145,585.3
2016-08-10,2146,590.9
2016-08-11,2147,587.8
2016-08-12,2148,587.1
2016-08-13,2149,584.6
2016-08-14,2150,569.1
2016-08-15,2151,567.0
2016-08-16,2152,580.2
2016-08-17,2153,572.3
2016-08-18,2154,573.4
2016-08-19,2155,574.6
2016-08-20,2156,582.6
2016-08-21,2157,580.7
2016-08-22,2158,587.5
2016-08-23,2159,583.6
2016-08-24,2160,579.7
2016-08-25,2161,578.0
2016-08-26,2162,579.4
2016-08-27,2163,570.3
2016-08-28,2164,575.0
2016-08-29,2165,574.2
2016-08-30,2166,577.3
2016-08-31,2167,573.9
2016-09-01,2168,572.0
2016-09-02,2169,575.3
2016-09-03,2170,598.8
2016-09-04,2171,609.5
2016-09-05,2172,605.8
2016-09-06,2173,610.4
2016-09-07,2174,613.2
2016-09-08,2175,625.6
2016-09-09,2176,623.2
2016-09-10,2177,624.5
2016-09-11,2178,605.6
2016-09-12,2179,608.0
2016-09-13,2180,608.6
2016-09-14,2181,609.5
2016-09-15,2182,608.1
2016-09-16,2183,607.8
2016-09-17,2184,607.1
2016-09-18,2185,610.7
2016-09-19,2186,609.8
2016-09-20,2187,609.2
2016-09-21,2188,597.2
2016-09-22,2189,595.6
2016-09-23,2190,602.9
2016-09-24,2191,602.6
2016-09-25,2192,601.5
2016-09-26,2193,606.5
2016-09-27,2194,605.5
2016-09-28,2195,604.7
2016-09-29,2196,604.7
2016-09-30,2197,608.1
2016-10-01,2198,613.4
2016-10-02,2199,610.7
2016-10-03,2200,611.6
2016-10-04,2201,609.0
2016-10-05,2202,611.8
2016-10-06,2203,611.0
2016-10-07,2204,616.0
2016-10-08,2205,617.7
2016-10-09,2206,615.8
2016-10-10,2207,617.3
2016-10-11,2208,640.5
2016-10-12,2209,636.0
2016-10-13,2210,635.6
2016-10-14,2211,637.9
2016-10-15,2212,637.0
2016-10-16,2213,640.1
2016-10-17,2214,637.4
2016-10-18,2215,635.3
2016-10-19,2216,629.1
2016-10-20,2217,628.3
2016-10-21,2218,630.5
2016-10-22,2219,655.5
2016-10-23,2220,653.0
2016-10-24,2221,650.5
2016-10-25,2222,651.0
2016-10-26,2223,674.7
2016-10-27,2224,682.3
2016-10-28,2225,686.2
2016-10-29,2226,715.0
2016-10-30,2227,697.3
2016-10-31,2228,698.7
2016-11-01,2229,726.8
2016-11-02,2230,733.5
2016-11-03,2231,684.9
2016-11-04,2232,702.1
2016-11-05,2233,702.1
2016-11-06,2234,709.9
2016-11-07,2235,705.4
2016-11-08,2236,710.9
2016-11-09,2237,721.4
2016-11-10,2238,714.6
2016-11-11,2239,715.0
2016-11-12,2240,704.3
2016-11-13,2241,702.0
2016-11-14,2242,704.6
2016-11-15,2243,711.1
2016-11-16,2244,740.3
2016-11-17,2245,737.5
2016-11-18,2246,747.0
2016-11-19,2247,747.9
2016-11-20,2248,728.5
2016-11-21,2249,736.2
2016-11-22,2250,749.3
2016-11-23,2251,741.1
2016-11-24,2252,735.3
2016-11-25,2253,740.4
2016-11-26,2254,734.1
2016-11-27,2255,729.4
2016-11-28,2256,733.3
2016-11-29,2257,732.6
2016-11-30,2258,742.5
2016-12-01,2259,752.6
2016-12-02,2260,770.9
2016-12-03,2261,764.2
2016-12-04,2262,766.4
2016-12-05,2263,754.3
2016-12-06,2264,758.2
2016-12-07,2265,765.6
2016-12-08,2266,768.5
2016-12-09,2267,770.5
2016-12-10,2268,774.0
2016-12-11,2269,767.9
2016-12-12,2270,778.5
2016-12-13,2271,778.7
2016-12-14,2272,776.5
2016-12-15,2273,775.2
2016-12-16,2274,782.0
2016-12-17,2275,787.2
2016-12-18,2276,789.0
2016-12-19,2277,789.8
2016-12-20,2278,799.1
2016-12-21,2279,829.2
2016-12-22,2280,860.2
2016-12-23,2281,917.2
2016-12-24,2282,891.1
2016-12-25,2283,891.1
2016-12-26,2284,898.4
2016-12-27,2285,925.8
2016-12-28,2286,972.2
2016-12-29,2287,971.1
2016-12-30,2288,959.0
2016-12-31,2289,963.4
2017-01-01,2290,995.4
2017-01-02,2291,1017.0
2017-01-03,2292,1033.3
2017-01-04,2293,1135.4
2017-01-05,2294,989.3
2017-01-06,2295,886.2
2017-01-07,2296,888.9
2017-01-08,2297,900.9
2017-01-09,2298,899.8
2017-01-10,2299,904.4
2017-01-11,2300,785.4
2017-01-12,2301,810.1
2017-01-13,2302,824.8
2017-01-14,2303,819.6
2017-01-15,2304,821.2
2017-01-16,2305,827.3
2017-01-17,2306,899.7
2017-01-18,2307,872.0
2017-01-19,2308,895.2
2017-01-20,2309,892.9
2017-01-21,2310,919.8
2017-01-22,2311,918.8
2017-01-23,2312,921.5
2017-01-24,2313,893.8
2017-01-25,2314,894.4
2017-01-26,2315,915.6
2017-01-27,2316,918.0
2017-01-28,2317,918.5
2017-01-29,2318,914.5
2017-01-30,2319,920.7
2017-01-31,2320,965.5
2017-02-01,2321,982.4
2017-02-02,2322,1004.0
2017-02-03,2323,1013.0
2017-02-04,2324,1031.8
2017-02-05,2325,1016.1
2017-02-06,2326,1024.7
2017-02-07,2327,1049.6
2017-02-08,2328,1055.5
2017-02-09,2329,979.0
2017-02-10,2330,997.6
2017-02-11,2331,1008.3
2017-02-12,2332,996.5
2017-02-13,2333,995.4
2017-02-14,2334,1008.3
2017-02-15,2335,1008.2
2017-02-16,2336,1031.9
2017-02-17,2337,1049.4
2017-02-18,2338,1052.3
2017-02-19,2339,1048.9
2017-02-20,2340,1077.6
2017-02-21,2341,1119.0
2017-02-22,2342,1120.5
2017-02-23,2343,1171.9
2017-02-24,2344,1176.5
2017-02-25,2345,1149.1
2017-02-26,2346,1171.6
2017-02-27,2347,1188.8
2017-02-28,2348,1189.3
2017-03-01,2349,1222.7
2017-03-02,2350,1255.5
2017-03-03,2351,1283.3
2017-03-04,2352,1264.3
2017-03-05,2353,1271.2
2017-03-06,2354,1277.0
2017-03-07,2355,1232.7
2017-03-08,2356,1147.0
2017-03-09,2357,1191.3
2017-03-10,2358,1112.4
2017-03-11,2359,1179.2
2017-03-12,2360,1225.1
2017-03-13,2361,1238.2
2017-03-14,2362,1243.1
2017-03-15,2363,1253.4
2017-03-16,2364,1172.9
2017-03-17,2365,1071.7
2017-03-18,2366,971.4
2017-03-19,2367,1022.6
2017-03-20,2368,1047.5
2017-03-21,2369,1121.3
2017-03-22,2370,1044.7
2017-03-23,2371,1035.0
2017-03-24,2372,939.7
2017-03-25,2373,966.3
2017-03-26,2374,969.4
2017-03-27,2375,1045.1
2017-03-28,2376,1044.4
2017-03-29,2377,1041.9
2017-03-30,2378,1037.9
2017-03-31,2379,1079.1
2017-04-01,2380,1086.1
2017-04-02,2381,1097.4
2017-04-03,2382,1147.6
2017-04-04,2383,1141.8
2017-04-05,2384,1129.9
2017-04-06,2385,1188.7
2017-04-07,2386,1190.5
2017-04-08,2387,1180.8
2017-04-09,2388,1204.3
2017-04-10,2389,1206.7
2017-04-11,2390,1220.7
2017-04-12,2391,1212.5
2017-04-13,2392,1176.2
2017-04-14,2393,1177.3
2017-04-15,2394,1177.0
2017-04-16,2395,1176.8
2017-04-17,2396,1194.0
2017-04-18,2397,1206.1
2017-04-19,2398,1215.2
2017-04-20,2399,1238.1
2017-04-21,2400,1249.6
2017-04-22,2401,1240.9
2017-04-23,2402,1249.1
2017-04-24,2403,1248.2
2017-04-25,2404,1264.3
2017-04-26,2405,1286.6
2017-04-27,2406,1332.9
2017-04-28,2407,1329.6
2017-04-29,2408,1336.3
2017-04-30,2409,1351.9
2017-05-01,2410,1415.8
2017-05-02,2411,1445.9
2017-05-03,2412,1485.6
2017-05-04,2413,1516.8
2017-05-05,2414,1507.8
2017-05-06,2415,1545.3
2017-05-07,2416,1554.4
2017-05-08,2417,1664.5
2017-05-09,2418,1697.5
2017-05-10,2419,1752.3
2017-05-11,2420,1819.3
2017-05-12,2421,1686.4
2017-05-13,2422,1763.7
2017-05-14,2423,1772.6
2017-05-15,2424,1708.9
2017-05-16,2425,1729.3
2017-05-17,2426,1801.3
2017-05-18,2427,1881.0
2017-05-19,2428,1962.0
2017-05-20,2429,2040.2
2017-05-21,2430,2044.2
2017-05-22,2431,2124.4
2017-05-23,2432,2272.6
2017-05-24,2433,2445.3
2017-05-25,2434,2307.2
2017-05-26,2435,2244.9
2017-05-27,2436,2052.4
2017-05-28,2437,2189.0
2017-05-29,2438,2278.2
2017-05-30,2439,2192.6
2017-05-31,2440,2303.3
2017-06-01,2441,2412.6
2017-06-02,2442,2492.6
2017-06-03,2443,2545.4
2017-06-04,2444,2524.1
2017-06-05,2445,2705.0
2017-06-06,2446,2870.5
2017-06-07,2447,2691.5
2017-06-08,2448,2798.8
2017-06-09,2449,2811.4
2017-06-10,2450,2900.3
2017-06-11,2451,2973.4
2017-06-12,2452,2656.8
2017-06-13,2453,2713.0
2017-06-14,2454,2467.3
2017-06-15,2455,2442.5
2017-06-16,2456,2508.6
2017-06-17,2457,2655.1
2017-06-18,2458,2539.6
2017-06-19,2459,2616.8
2017-06-20,2460,2754.4
2017-06-21,2461,2677.6
2017-06-22,2462,2722.8
2017-06-23,2463,2710.4
2017-06-24,2464,2590.1
2017-06-25,2465,2541.6
2017-06-26,2466,2446.1
2017-06-27,2467,2583.8
2017-06-28,2468,2577.7
2017-06-29,2469,2558.4
2017-06-30,2470,2480.6
2017-07-01,2471,2424.6
2017-07-02,2472,2536.5
2017-07-03,2473,2572.5
2017-07-04,2474,2617.3
2017-07-05,2475,2627.9
2017-07-06,2476,2614.2
2017-07-07,2477,2513.9
2017-07-08,2478,2564.9
2017-07-09,2479,2511.4
2017-07-10,2480,2344.0
2017-07-11,2481,2324.3
2017-07-12,2482,2403.1
2017-07-13,2483,2362.4
2017-07-14,2484,2234.2
2017-08-01,2485,2747.0
2017-08-02,2486,2720.5
2017-08-03,2487,2810.0
2017-08-04,2488,2878.5
2017-08-05,2489,3262.8
2017-08-06,2490,3232.0
2017-08-07,2491,3401.9
2017-08-08,2492,3429.4
2017-08-09,2493,3348.8
2017-08-10,2494,3425.7
2017-08-11,2495,3654.4
2017-08-12,2496,3871.6
2017-08-13,2497,4062.6
2017-08-14,2498,4327.9
2017-08-15,2499,4161.7
2017-08-16,2500,4387.4
2017-08-17,2501,4278.9
2017-08-18,2502,4105.4
2017-08-19,2503,4150.5
2017-08-20,2504,4066.6
2017-08-21,2505,4005.1
2017-08-22,2506,4089.7
2017-08-23,2507,4141.1
2017-08-24,2508,4318.4
2017-08-25,2509,4364.4
2017-08-26,2510,4352.3
2017-08-27,2511,4345.8
2017-08-28,2512,4390.3
2017-08-29,2513,4597.3
2017-08-30,2514,4583.0
2017-08-31,2515,4735.1
2017-09-01,2516,4921.9
2017-09-02,2517,4573.8
2017-09-03,2518,4612.9
2017-09-04,2519,4267.5
2017-09-05,2520,4409.1
2017-09-06,2521,4618.7
2017-09-07,2522,4635.6
2017-09-08,2523,4326.5
2017-09-09,2524,4335.1
2017-09-10,2525,4245.9
2017-09-11,2526,4217.9
2017-09-12,2527,4158.9
2017-09-13,2528,3870.3
2017-09-14,2529,3243.1
2017-09-15,2530,3713.8
2017-09-16,2531,3698.9
2017-09-20,2532,3882.2
2017-09-21,2533,3617.3
2017-09-22,2534,3600.8
2017-09-23,2535,3788.0
2017-09-24,2536,3667.5
2017-09-25,2537,3932.8
2017-09-26,2538,3892.7
2017-09-27,2539,4212.2
2017-09-28,2540,4195.6
2017-09-29,2541,4172.8
2017-09-30,2542,4360.6
2017-10-01,2543,4403.1
2017-10-02,2544,4401.3
2017-10-03,2545,4314.2
2017-10-04,2546,4218.7
2017-10-05,2547,4321.4
2017-10-06,2548,4371.9
2017-10-07,2549,4435.8
2017-10-08,2550,4611.7
2017-10-09,2551,4777.5
2017-10-10,2552,4763.4
2017-10-11,2553,4824.2
2017-10-12,2554,5432.6
2017-10-13,2555,5637.3
2017-10-14,2556,5824.7
2017-10-15,2557,5688.1
2017-10-16,2558,5759.3
2017-10-17,2559,5598.6
2017-10-18,2560,5575.8
2017-10-19,2561,5698.6
2017-10-20,2562,5993.1
2017-10-21,2563,6006.6
2017-10-22,2564,5982.9
2017-10-23,2565,5903.6
2017-10-24,2566,5513.1
2017-10-25,2567,5734.0
2017-10-26,2568,5887.6
2017-10-27,2569,5764.6
2017-10-28,2570,5726.6
2017-10-29,2571,6147.5
2017-10-30,2572,6124.3
2017-10-31,2573,6451.2
2017-11-01,2574,6737.8
2017-11-02,2575,7024.8
2017-11-03,2576,7152.1
2017-11-04,2577,7363.8
2017-11-05,2578,7389.5
2017-11-06,2579,6959.2
2017-11-07,2580,7102.8
2017-11-08,2581,7444.4
2017-11-09,2582,7129.6
2017-11-10,2583,6565.8
2017-11-11,2584,6339.9
2017-11-12,2585,5878.1
2017-11-13,2586,6522.5
2017-11-14,2587,6597.1
2017-11-15,2588,7283.2
2017-11-16,2589,7853.7
2017-11-17,2590,7700.0
2017-11-18,2591,7780.9
2017-11-19,2592,8042.6
2017-11-20,2593,8244.7
2017-11-21,2594,8100.0
2017-11-22,2595,8234.5
2017-11-23,2596,8013.4
2017-11-24,2597,8200.8
2017-11-25,2598,8754.7
2017-11-26,2599,9318.4
2017-11-27,2600,9733.2
2017-11-28,2601,9906.0
2017-11-29,2602,9837.9
2017-11-30,2603,9946.8
2017-12-01,2604,10861.5
2017-12-02,2605,10912.7
2017-12-03,2606,11246.2
2017-12-04,2607,11623.9
2017-12-05,2608,11667.1
2017-12-06,2609,13749.6
2017-12-07,2610,16850.3
2017-12-08,2611,16047.6
2017-12-09,2612,14843.4
2017-12-10,2613,15059.6
2017-12-11,2614,16732.5
2017-12-12,2615,17083.9
2017-12-13,2616,16286.8
2017-12-14,2617,16467.9
2017-12-15,2618,17604.8
2017-12-16,2619,19345.5
2017-12-17,2620,19065.7
2017-12-18,2621,18972.3
2017-12-19,2622,17523.7
2017-12-20,2623,16462.0
2017-12-21,2624,15632.1
2017-12-22,2625,13665.0
2017-12-23,2626,14396.5
2017-12-24,2627,13790.0
2017-12-25,2628,13833.5
2017-12-26,2629,15756.6
2017-12-27,2630,15416.6
2017-12-28,2631,14398.7
2017-12-29,2632,14392.6
2017-12-30,2633,12531.5
2017-12-31,2634,13850.4
2018-01-01,2635,13444.9
2018-01-02,2636,14754.1
2018-01-03,2637,15156.6
2018-01-04,2638,15180.1
2018-01-05,2639,16954.8
2018-01-06,2640,17172.3
2018-01-07,2641,16228.2
2018-01-08,2642,14976.2
2018-01-09,2643,14778.5
2018-01-10,2644,15043.0
2018-01-11,2645,13535.4
2018-01-12,2646,13886.7
2018-01-13,2647,14292.2
2018-01-14,2648,13695.2
2018-01-15,2649,13697.5
2018-01-16,2650,11362.0
2018-01-17,2651,11192.3
2018-01-18,2652,11245.4
2018-01-19,2653,11580.2
2018-01-20,2654,12858.9
2018-01-21,2655,11594.9
2018-01-22,2656,10864.8
2018-01-23,2657,10903.2
2018-01-24,2658,11452.3
2018-01-25,2659,11203.0
2018-01-26,2660,11118.1
2018-01-27,2661,11467.5
2018-01-28,2662,11795.1
2018-01-29,2663,11244.8
2018-01-30,2664,10166.0
2018-01-31,2665,10265.4
2018-02-01,2666,9181.1
2018-02-02,2667,8893.2
2018-02-03,2668,9241.1
2018-02-04,2669,8222.2
2018-02-05,2670,6938.5
2018-02-06,2671,7701.2
2018-02-07,2672,7594.7
2018-02-08,2673,8164.2
2018-02-09,2674,8699.8
2018-02-10,2675,8559.6
2018-02-11,2676,8081.9
2018-02-12,2677,8903.5
2018-02-13,2678,8539.2
2018-02-14,2679,9476.3
2018-02-15,2680,10037.3
2018-02-16,2681,10178.7
2018-02-17,2682,11073.5
2018-02-18,2683,10398.8
2018-02-19,2684,11169.4
2018-02-20,2685,11238.7
2018-02-21,2686,10473.0
2018-02-22,2687,9841.7
2018-02-23,2688,10170.4
2018-02-24,2689,9704.3
2018-02-25,2690,9585.2
2018-02-26,2691,10285.1
2018-02-27,2692,10594.4
2018-02-28,2693,10333.9
2018-03-01,2694,10904.5
2018-03-02,2695,10827.7
2018-03-03,2696,11402.3
2018-03-04,2697,11416.5
2018-03-05,2698,11330.6
2018-03-06,2699,10675.1
2018-03-07,2700,9902.9
2018-03-08,2701,9300.0
2018-03-09,2702,9217.0
2018-03-10,2703,8762.0
2018-03-11,2704,9529.6
2018-03-12,2705,9137.4
2018-03-13,2706,9154.9
2018-03-14,2707,8210.6
2018-03-15,2708,8264.4
2018-03-16,2709,8289.2
2018-03-17,2710,7874.9
2018-03-18,2711,8201.2
2018-03-19,2712,8616.8
2018-03-20,2713,8912.6
2018-03-21,2714,8905.9
2018-03-22,2715,8726.2
2018-03-23,2716,8916.8
2018-03-24,2717,8547.4
2018-03-25,2718,8473.2
2018-03-26,2719,8143.5
2018-03-27,2720,7801.7
2018-03-28,2721,7954.9
2018-03-29,2722,7129.2
2018-03-30,2723,6853.7
2018-03-31,2724,6938.2
2018-04-01,2725,6825.2
2018-04-02,2726,7068.4
2018-04-03,2727,7424.2
2018-04-04,2728,6808.9
2018-04-05,2729,6782.0
2018-04-06,2730,6624.3
2018-04-07,2731,6905.7
2018-04-08,2732,7030.5
2018-04-09,2733,6781.9
2018-04-10,2734,6854.8
2018-04-11,2735,6962.1
2018-04-12,2736,7926.6
2018-04-13,2737,7887.4
2018-04-14,2738,8004.4
2018-04-15,2739,8363.6
2018-04-16,2740,8070.0
2018-04-17,2741,7908.6
2018-04-18,2742,8178.4
2018-04-19,2743,8290.8
2018-04-20,2744,8867.0
2018-04-21,2745,8923.1
2018-04-22,2746,8806.7
2018-04-23,2747,8952.8
2018-04-24,2748,9645.3
2018-04-25,2749,8873.1
2018-04-26,2750,9287.0
2018-04-27,2751,8940.9
2018-04-28,2752,9352.4
2018-04-30,2753,9245.1
2018-05-01,2754,9074.9
2018-05-02,2755,9243.2
2018-05-03,2756,9749.7
2018-05-04,2757,9708.6
2018-05-05,2758,9853.5
2018-05-06,2759,9656.4
2018-05-07,2760,9431.6
2018-05-08,2761,9196.4
2018-05-09,2762,9319.1
2018-05-10,2763,9025.7
2018-05-11,2764,8408.3
2018-05-12,2765,8459.5
2018-05-13,2766,8693.5
2018-05-14,2767,8674.1
2018-05-15,2768,8477.0
2018-05-16,2769,8344.4
2018-05-17,2770,8063.0
2018-05-18,2771,8245.7
2018-05-19,2772,8245.1
2018-05-20,2773,8529.0
2018-05-21,2774,8403.3
2018-05-22,2775,8006.0
2018-05-23,2776,7512.3
2018-05-24,2777,7592.9
2018-05-25,2778,7477.7
2018-05-26,2779,7361.3
2018-05-27,2780,7366.7
2018-05-28,2781,7119.3
2018-05-29,2782,7467.7
2018-05-30,2783,7400.1
2018-05-31,2784,7502.6
2018-06-01,2785,7530.8
2018-06-02,2786,7646.6
2018-06-03,2787,7729.3
2018-06-04,2788,7504.3
2018-06-05,2789,7631.5
2018-06-06,2790,7661.0
2018-06-07,2791,7697.8
2018-06-08,2792,7622.1
2018-06-09,2793,7515.8
2018-06-10,2794,6775.1
2018-06-11,2795,6885.9
2018-06-12,2796,6558.2
2018-06-13,2797,6312.3
2018-06-14,2798,6647.1
2018-06-15,2799,6410.3
2018-06-16,2800,6505.8
2018-06-17,2801,6460.3
2018-06-18,2802,6719.8
2018-06-19,2803,6752.4
2018-06-20,2804,6765.4
2018-06-21,2805,6728.0
2018-06-22,2806,6055.7
2018-06-23,2807,6167.3
2018-06-24,2808,6154.6
2018-06-25,2809,6256.6
2018-06-26,2810,6082.1
2018-06-27,2811,6154.9
2018-06-28,2812,5883.5
2018-06-29,2813,6213.3
2018-06-30,2814,6398.9
2018-07-01,2815,6366.8
2018-07-02,2816,6619.5
2018-07-03,2817,6513.5
2018-07-04,2818,6598.4
2018-07-05,2819,6546.5
2018-07-06,2820,6617.7
2018-07-07,2821,6765.5
2018-07-08,2822,6714.8
2018-07-09,2823,6667.1
2018-07-10,2824,6307.2
2018-07-11,2825,6389.1
2018-07-12,2826,6250.6
2018-07-13,2827,6230.2
2018-07-14,2828,6254.8
2018-07-15,2829,6362.9
2018-07-16,2830,6729.9
2018-07-17,2831,7322.0
2018-07-18,2832,7383.6
2018-07-19,2833,7477.5
2018-07-20,2834,7339.4
2018-07-21,2835,7408.7
2018-07-22,2836,7412.3
2018-07-23,2837,7723.0
2018-07-24,2838,8407.0
2018-07-25,2839,8173.7
2018-07-26,2840,7937.0
2018-07-27,2841,8187.4
2018-07-28,2842,8234.1
2018-07-29,2843,8215.6
2018-07-30,2844,8177.1
2018-07-31,2845,7729.4
2018-08-01,2846,7606.4
2018-08-02,2847,7535.6
2018-08-03,2848,7419.0
2018-08-04,2849,7014.3
2018-08-05,2850,7027.1
2018-08-06,2851,6943.6
2018-08-07,2852,6724.9
2018-08-08,2853,6283.6
2018-08-09,2854,6538.8
2018-08-10,2855,6152.3
2018-08-11,2856,6231.6
2018-08-12,2857,6313.0
2018-08-13,2858,6255.3
2018-08-14,2859,6190.2
2018-08-15,2860,6256.9
2018-08-16,2861,6306.7
2018-08-17,2862,6581.7
2018-08-18,2863,6379.1
2018-08-19,2864,6481.5
2018-08-20,2865,6268.1
2018-08-21,2866,6482.2
2018-08-22,2867,6359.6
2018-08-23,2868,6521.2
2018-08-24,2869,6680.4
2018-08-25,2870,6734.8
2018-08-26,2871,6712.7
2018-08-27,2872,6897.6
2018-08-28,2873,7074.6
2018-08-29,2874,7029.1
2018-08-30,2875,6993.7
2018-08-31,2876,7033.8
2018-09-01,2877,7189.6
2018-09-02,2878,7293.9
2018-09-03,2879,7264.2
2018-09-04,2880,7377.5
2018-09-05,2881,6706.8
2018-09-06,2882,6514.0
2018-09-07,2883,6390.9
2018-09-08,2884,6184.3
2018-09-09,2885,6238.5
2018-09-10,2886,6321.0
2018-09-11,2887,6293.9
2018-09-12,2888,6338.0
2018-09-13,2889,6482.9
2018-09-14,2890,6483.7
2018-09-15,2891,6519.0
2018-09-16,2892,6500.2
2018-09-17,2893,6251.9
2018-09-18,2894,6342.0
2018-09-19,2895,6390.4
2018-09-20,2896,6489.2
2018-09-21,2897,6766.7
2018-09-22,2898,6729.6
2018-09-23,2899,6704.1
2018-09-24,2900,6584.1
2018-09-25,2901,6445.1
2018-09-26,2902,6468.1
2018-09-27,2903,6689.2
2018-09-28,2904,6636.0
2018-09-29,2905,6603.9
2018-09-30,2906,6635.2
2018-10-01,2907,6608.2
2018-10-02,2908,6549.9
2018-10-03,2909,6507.8
2018-10-04,2910,6584.2
2018-10-05,2911,6639.1
2018-10-06,2912,6596.3
2018-10-07,2913,6611.0
2018-10-08,2914,6669.6
2018-10-09,2915,6650.8
2018-10-10,2916,6618.0
2018-10-11,2917,6239.1
2018-10-12,2918,6291.3
2018-10-13,2919,6321.7
2018-10-14,2920,6326.8
2018-10-15,2921,6699.8
2018-10-16,2922,6705.3
2018-10-17,2923,6686.6
2018-10-18,2924,6574.1
2018-10-19,2925,6512.0
2018-10-20,2926,6572.2
2018-10-21,2927,6583.0
2018-10-22,2928,6555.8
2018-10-23,2929,6528.7
2018-10-24,2930,6530.7
2018-10-25,2931,6507.0
2018-10-26,2932,6510.0
2018-10-27,2933,6494.2
2018-10-28,2934,6486.1
2018-10-29,2935,6335.0
2018-10-30,2936,6325.7
2018-10-31,2937,6365.9
2018-11-01,2938,6400.5
2018-11-02,2939,6424.7
2018-11-03,2940,6386.2
2018-11-04,2941,6478.2
2018-11-05,2942,6459.7
2018-11-06,2943,6502.8
2018-11-07,2944,6565.3
2018-11-08,2945,6474.0
2018-11-09,2946,6412.0
2018-11-10,2947,6427.1
2018-11-11,2948,6446.1
2018-11-12,2949,6435.0
2018-11-13,2950,6429.2
2018-11-14,2951,5842.4
2018-11-15,2952,5718.9
2018-11-16,2953,5636.2
2018-11-17,2954,5621.8
2018-11-18,2955,5658.3
2018-11-19,2956,4883.8
2018-11-20,2957,4524.6
2018-11-21,2958,4638.7
2018-11-22,2959,4356.0
2018-11-23,2960,4398.0
2018-11-24,2961,3920.4
2018-11-25,2962,4062.2
2018-11-26,2963,3837.0
2018-11-27,2964,3866.5
2018-11-28,2965,4265.4
2018-11-29,2966,4296.5
2018-11-30,2967,4039.7
2018-12-01,2968,4196.2
2018-12-02,2969,4160.4
2018-12-03,2970,3897.8
2018-12-04,2971,3958.5
2018-12-05,2972,3771.6
2018-12-06,2973,3508.6
2018-12-07,2974,3422.2
2018-12-08,2975,3430.4
2018-12-09,2976,3567.5
2018-12-10,2977,3460.5
2018-12-11,2978,3407.7
2018-12-12,2979,3466.1
2018-12-13,2980,3315.3
2018-12-14,2981,3247.8
2018-12-15,2982,3228.7
2018-12-16,2983,3247.9
2018-12-17,2984,3526.1
2018-12-18,2985,3668.0
2018-12-19,2986,3687.1
2018-12-20,2987,4076.0
2018-12-21,2988,3850.9
2018-12-22,2989,3964.4
2018-12-23,2990,3944.4
2018-12-24,2991,4026.1
2018-12-25,2992,3762.5
2018-12-26,2993,3793.7
2018-12-27,2994,3586.9
2018-12-28,2995,3861.6
2018-12-29,2996,3706.8
2018-12-30,2997,3815.0
2018-12-31,2998,3709.4
2019-01-01,2999,3809.4
2019-01-02,3000,3873.8
2019-01-03,3001,3780.1
2019-01-04,3002,3802.7
2019-01-05,3003,3785.4
2019-01-06,3004,4004.1
2019-01-07,3005,3985.9
2019-01-08,3006,3971.0
2019-01-09,3007,3978.0
2019-01-10,3008,3603.7
2019-01-11,3009,3616.5
2019-01-12,3010,3597.2
2019-01-13,3011,3490.2
2019-01-14,3012,3638.1
2019-01-15,3013,3571.3
2019-01-16,3014,3588.0
2019-01-17,3015,3626.4
2019-01-18,3016,3605.6
2019-01-19,3017,3677.8
2019-01-20,3018,3542.3
2019-01-21,3019,3536.7
2019-01-22,3020,3580.1
2019-01-23,3021,3561.5
2019-01-24,3022,3574.3
2019-01-25,3023,3572.0
2019-01-26,3024,3570.9
2019-01-27,3025,3555.6
2019-01-28,3026,3442.8
2019-01-29,3027,3414.8
2019-01-30,3028,3460.0
2019-01-31,3029,3437.2
2019-02-01,3030,3467.9
2019-02-02,3031,3502.5
2019-02-03,3032,3459.1
2019-02-04,3033,3462.8
2019-02-05,3034,3468.4
2019-02-06,3035,3404.3
2019-02-07,3036,3397.7
2019-02-08,3037,3661.7
2019-02-09,3038,3661.4
2019-02-10,3039,3679.0
2019-02-11,3040,3631.8
2019-02-12,3041,3632.0
2019-02-13,3042,3611.5
2019-02-14,3043,3592.6
2019-02-15,3044,3604.7
2019-02-16,3045,3616.8
2019-02-17,3046,3664.2
2019-02-18,3047,3896.0
2019-02-19,3048,3914.3
2019-02-20,3049,3972.4
2019-02-21,3050,3936.6
2019-02-22,3051,3965.2
2019-02-23,3052,4120.4
2019-02-24,3053,3755.2
2019-02-25,3054,3833.7
2019-02-26,3055,3810.3
2019-02-27,3056,3814.6
2019-02-28,3057,3816.6
2019-03-01,3058,3821.9
2019-03-02,3059,3823.1
2019-03-03,3060,3809.5
2019-03-04,3061,3715.9
2019-03-05,3062,3857.2
2019-03-06,3063,3863.0
2019-03-07,3064,3875.1
2019-03-08,3065,3865.9
2019-03-09,3066,3944.3
2019-03-10,3067,3915.2
2019-03-11,3068,3870.3
2019-03-12,3069,3886.0
2019-03-13,3070,3865.1
2019-03-14,3071,3879.0
2019-03-15,3072,3924.3
2019-03-16,3073,4006.4
2019-03-17,3074,3981.5
2019-03-18,3075,3990.2
2019-03-19,3076,4017.0
2019-03-20,3077,4041.2
2019-03-21,3078,3982.2
2019-03-22,3079,3990.4
2019-03-23,3080,4002.5
2019-03-24,3081,3994.7
2019-03-25,3082,3937.0
2019-03-26,3083,3942.8
2019-03-27,3084,4041.7
2019-03-28,3085,4025.6
2019-03-29,3086,4102.2
2019-03-30,3087,4111.8
2019-03-31,3088,4102.3
2019-04-01,3089,4145.1
2019-04-02,3090,4859.3
2019-04-03,3091,4968.7
2019-04-04,3092,4902.4
2019-04-05,3093,5010.2
2019-04-06,3094,5046.2
2019-04-07,3095,5173.6
2019-04-08,3096,5245.2
2019-04-09,3097,5158.4
2019-04-10,3098,5307.8
2019-04-11,3099,5022.6
2019-04-12,3100,5054.2
2019-04-13,3101,5051.8
2019-04-14,3102,5134.8
2019-04-15,3103,5032.3
2019-04-16,3104,5180.9
2019-04-17,3105,5208.3
2019-04-18,3106,5264.7
2019-04-19,3107,5241.0
2019-04-20,3108,5290.2
2019-04-21,3109,5243.5
2019-04-22,3110,5346.7
2019-04-23,3111,5511.6
2019-04-24,3112,5415.6
2019-04-25,3113,5209.1
2019-04-26,3114,5298.3
2019-04-27,3115,5265.9
2019-04-28,3116,5302.3
2019-04-29,3117,5235.0
2019-04-30,3118,5320.8
2019-05-01,3119,5384.2
2019-05-02,3120,5493.8
2019-05-03,3121,5766.8
2019-05-04,3122,5830.9
2019-05-05,3123,5774.9
2019-05-06,3124,5745.1
2019-05-07,3125,5849.5
2019-05-08,3126,5990.3
2019-05-09,3127,6191.5
2019-05-10,3128,6386.0
2019-05-11,3129,7190.3
2019-05-12,3130,6984.8
2019-05-13,3131,7806.0
2019-05-14,3132,7994.6
2019-05-15,3133,8164.6
2019-05-16,3134,7871.8
2019-05-17,3135,7359.5
2019-05-18,3136,7262.6
2019-05-19,3137,8157.2
2019-05-20,3138,7965.3
2019-05-21,3139,7930.3
2019-05-22,3140,7635.7
2019-05-23,3141,7852.1
2019-05-24,3142,7970.1
2019-05-25,3143,8027.4
2019-05-26,3144,8630.2
2019-05-27,3145,8760.1
2019-05-28,3146,8716.3
2019-05-29,3147,8647.8
2019-05-30,3148,8271.9
2019-05-31,3149,8558.3
2019-06-01,3150,8545.7
2019-06-02,3151,8728.6
2019-06-03,3152,8124.8
2019-06-04,3153,7685.5
2019-06-05,3154,7779.1
2019-06-06,3155,7784.9
2019-06-07,3156,7985.2
2019-06-08,3157,7901.4
2019-06-09,3158,7635.0
2019-06-10,3159,7987.8
2019-06-11,3160,7888.0
2019-06-12,3161,8133.1
2019-06-13,3162,8219.0
2019-06-14,3163,8656.1
2019-06-15,3164,8812.5
2019-06-16,3165,8962.5
2019-06-17,3166,9318.8
2019-06-18,3167,9080.6
2019-06-19,3168,9255.4
2019-06-20,3169,9517.0
2019-06-21,3170,10179.3
2019-06-22,3171,10721.7
2019-06-23,3172,10897.1
2019-06-24,3173,11046.4
2019-06-25,3174,11809.9
2019-06-26,3175,13063.8
2019-06-27,3176,11287.8
2019-06-28,3177,12409.1
2019-06-29,3178,11906.5
2019-06-30,3179,10818.6
2019-07-01,3180,10616.6
2019-07-02,3181,10835.9
2019-07-03,3182,11900.8
2019-07-04,3183,11163.1
2019-07-05,3184,10970.2
2019-07-06,3185,11268.0
2019-07-07,3186,11415.9
2019-07-08,3187,12252.6
2019-07-09,3188,12541.5
2019-07-10,3189,12110.6
2019-07-11,3190,11342.3
2019-07-12,3191,11762.1
2019-07-13,3192,11364.9
2019-07-14,3193,10200.1
2019-07-15,3194,10845.9
2019-07-16,3195,9424.8
2019-07-17,3196,9723.2
2019-07-18,3197,10651.4
2019-07-19,3198,10571.5
2019-07-20,3199,10826.7
2019-07-21,3200,10714.4
2019-07-22,3201,10412.5
2019-07-23,3202,9888.7
2019-07-24,3203,9804.3
2019-07-25,3204,9945.3
2019-07-26,3205,9831.0
2019-07-27,3206,9492.1
2019-07-28,3207,9727.8
2019-07-29,3208,9580.9
2019-07-30,3209,9580.7
2019-07-31,3210,10082.0
2019-08-01,3211,10380.0
2019-08-02,3212,10520.1
2019-08-03,3213,10815.7
2019-08-04,3214,10934.6
2019-08-05,3215,11816.8
2019-08-06,3216,11480.9
2019-08-07,3217,12013.9
2019-08-08,3218,12191.6
2019-08-09,3219,12089.8
2019-08-10,3220,11314.5
2019-08-11,3221,11517.2
2019-08-12,3222,11394.2
2019-08-13,3223,10892.9
2019-08-14,3224,10049.4
2019-08-15,3225,10303.4
2019-08-16,3226,10335.6
2019-08-17,3227,10218.1
2019-08-18,3228,10312.7
2019-08-19,3229,10910.7
2019-08-20,3230,10752.6
2019-08-21,3231,10141.5
2019-08-22,3232,10105.0
2019-08-23,3233,10388.7
2019-08-24,3234,10131.0
2019-08-25,3235,10136.3
2019-08-26,3236,10371.8
2019-08-27,3237,10184.8
2019-08-28,3238,9729.4
2019-08-29,3239,9491.0
2019-08-30,3240,9585.4
2019-08-31,3241,9594.4
2019-09-01,3242,9729.3
2019-09-02,3243,10348.8
2019-09-03,3244,10612.3
2019-09-04,3245,10568.2
2019-09-05,3246,10566.9
2019-09-06,3247,10309.3
2019-09-07,3248,10461.1
2019-09-08,3249,10402.8
2019-09-09,3250,10309.0
2019-09-10,3251,10105.4
2019-09-11,3252,10162.5
2019-09-12,3253,10415.1
2019-09-13,3254,10342.1
2019-09-14,3255,10337.3
2019-09-15,3256,10311.5
2019-09-16,3257,10255.5
2019-09-17,3258,10195.7
2019-09-18,3259,10164.7
2019-09-19,3260,10250.5
2019-09-20,3261,10172.7
2019-09-21,3262,9993.0
2019-09-22,3263,10031.6
2019-09-23,3264,9702.2
2019-09-24,3265,8513.9
2019-09-25,3266,8432.4
2019-09-26,3267,8063.8
2019-09-27,3268,8184.9
2019-09-28,3269,8208.5
2019-09-29,3270,8049.1
2019-09-30,3271,8284.3
2019-10-01,3272,8302.7
2019-10-02,3273,8364.1
2019-10-03,3274,8226.9
2019-10-04,3275,8148.1
2019-10-05,3276,8127.3
2019-10-06,3277,7881.9
2019-10-07,3278,8198.6
2019-10-08,3279,8182.9
2019-10-09,3280,8566.7
2019-10-10,3281,8562.3
2019-10-11,3282,8267.8
2019-10-12,3283,8304.4
2019-10-13,3284,8281.5
2019-10-14,3285,8353.3
2019-10-15,3286,8167.2
2019-10-16,3287,8000.4
2019-10-17,3288,8073.3
2019-10-18,3289,7948.5
2019-10-19,3290,7957.3
2019-10-20,3291,8223.4
2019-10-21,3292,8208.2
2019-10-22,3293,8031.4
2019-10-23,3294,7477.0
2019-10-24,3295,7422.7
2019-10-25,3296,8658.3
2019-10-26,3297,9230.6
2019-10-27,3298,9529.6
2019-10-28,3299,9207.2
2019-10-29,3300,9411.3
2019-10-30,3301,9157.9
2019-10-31,3302,9152.6
2019-11-01,3303,9230.1
2019-11-02,3304,9300.6
2019-11-03,3305,9198.3
2019-11-04,3306,9396.4
2019-11-05,3307,9310.8
2019-11-06,3308,9338.9
2019-11-07,3309,9223.5
2019-11-08,3310,8778.2
2019-11-09,3311,8804.5
2019-11-10,3312,9036.8
2019-11-11,3313,8736.9
2019-11-12,3314,8812.6
2019-11-13,3315,8783.1
2019-11-14,3316,8661.2
2019-11-15,3317,8476.3
2019-11-16,3318,8497.3
2019-11-17,3319,8509.8
2019-11-18,3320,8208.4
2019-11-19,3321,8145.7
2019-11-20,3322,8099.3
2019-11-21,3323,7627.9
2019-11-22,3324,7272.5
2019-11-23,3325,7324.1
2019-11-24,3326,6924.7
2019-11-25,3327,7115.6
2019-11-26,3328,7162.8
2019-11-27,3329,7510.6
2019-11-28,3330,7426.7
2019-11-29,3331,7742.7
2019-11-30,3332,7546.6
2019-12-01,3333,7396.4
2019-12-02,3334,7298.2
2019-12-03,3335,7291.8
2019-12-04,3336,7204.4
2019-12-05,3337,7399.2
2019-12-06,3338,7530.8
2019-12-07,3339,7510.9
2019-12-08,3340,7524.4
2019-12-09,3341,7355.8
2019-12-10,3342,7235.7
2019-12-11,3343,7208.0
2019-12-12,3344,7208.0
2019-12-13,3345,7255.2
2019-12-14,3346,7080.8
2019-12-15,3347,7128.5
2019-12-16,3348,6903.5
2019-12-17,3349,6613.3
2019-12-18,3350,7276.0
2019-12-19,3351,7165.5
2019-12-20,3352,7196.4
2019-12-21,3353,7156.2
2019-12-22,3354,7495.8
2019-12-23,3355,7322.8
2019-12-24,3356,7268.3
2019-12-25,3357,7224.8
2019-12-26,3358,7210.9
2019-12-27,3359,7261.7
2019-12-28,3360,7321.5
2019-12-29,3361,7397.5
2019-12-30,3362,7261.8
2019-12-31,3363,7196.4
2020-01-01,3364,7199.8
2020-01-02,3365,6967.0
2020-01-03,3366,7343.1
2020-01-04,3367,7376.8
2020-01-05,3368,7372.5
2020-01-06,3369,7759.1
2020-01-07,3370,8155.7
2020-01-08,3371,8059.6
2020-01-09,3372,7842.4
2020-01-10,3373,8187.1
2020-01-11,3374,8024.1
2020-01-12,3375,8187.6
2020-01-13,3376,8111.4
2020-01-14,3377,8829.2
2020-01-15,3378,8818.3
2020-01-16,3379,8726.9
2020-01-17,3380,8913.1
2020-01-18,3381,8916.3
2020-01-19,3382,8706.2
2020-01-20,3383,8641.9
2020-01-21,3384,8732.6
2020-01-22,3385,8678.5
2020-01-23,3386,8405.1
2020-01-24,3387,8439.9
2020-01-25,3388,8341.6
2020-01-26,3389,8607.8
2020-01-27,3390,8866.6
2020-01-28,3391,9377.3
2020-01-29,3392,9298.9
2020-01-30,3393,9507.3
2020-01-31,3394,9349.1
2020-02-01,3395,9381.6
2020-02-02,3396,9334.9
2020-02-03,3397,9296.6
2020-02-04,3398,9193.9
2020-02-05,3399,9611.8
2020-02-06,3400,9772.0
2020-02-07,3401,9818.6
2020-02-08,3402,9895.5
2020-02-09,3403,10151.5
2020-02-10,3404,9854.1
2020-02-11,3405,10229.5
2020-02-12,3406,10317.7
2020-02-13,3407,10235.1
2020-02-14,3408,10333.0
2020-02-15,3409,9907.7
2020-02-16,3410,9932.3
2020-02-17,3411,9701.4
2020-02-18,3412,10158.4
2020-02-19,3413,9609.4
2020-02-20,3414,9602.4
2020-02-21,3415,9684.5
2020-02-22,3416,9655.7
2020-02-23,3417,9942.7
2020-02-24,3418,9662.7
2020-02-25,3419,9317.2
2020-02-26,3420,8800.3
2020-02-27,3421,8818.6
2020-02-28,3422,8697.5
2020-02-29,3423,8543.7
2020-03-01,3424,8540.0
2020-03-02,3425,8904.8
2020-03-03,3426,8761.4
2020-03-04,3427,8757.9
2020-03-05,3428,9060.3
2020-03-06,3429,9134.8
2020-03-07,3430,8887.8
2020-03-08,3431,8034.1
2020-03-09,3432,7933.0
2020-03-10,3433,7891.2
2020-03-11,3434,7935.1
2020-03-12,3435,4826.0
2020-03-13,3436,5584.3
2020-03-14,3437,5182.7
2020-03-15,3438,5366.3
2020-03-16,3439,5030.0
2020-03-17,3440,5261.1
2020-03-18,3441,5361.4
2020-03-19,3442,6172.0
2020-03-20,3443,6205.3
2020-03-21,3444,6186.2
2020-03-22,3445,5822.1
2020-03-23,3446,6468.9
2020-03-24,3447,6744.6
2020-03-25,3448,6678.9
2020-03-26,3449,6725.1
2020-03-27,3450,6373.4
2020-03-28,3451,6233.7
2020-03-29,3452,5890.4
2020-03-30,3453,6391.0
2020-03-31,3454,6412.5
2020-04-01,3455,6638.5
2020-04-02,3456,6800.5
2020-04-03,3457,6735.9
2020-04-04,3458,6857.4
2020-04-05,3459,6772.7
2020-04-06,3460,7332.3
2020-04-07,3461,7185.2
2020-04-08,3462,7361.2
2020-04-09,3463,7289.0
2020-04-10,3464,6863.1
2020-04-11,3465,6867.8
2020-04-12,3466,6917.6
2020-04-13,3467,6841.3
2020-04-14,3468,6850.9
2020-04-15,3469,6629.1
2020-04-16,3470,7085.6
2020-04-17,3471,7035.8
2020-04-18,3472,7230.8
2020-04-19,3473,7122.9
2020-04-20,3474,6833.5
2020-04-21,3475,6842.5
2020-04-22,3476,7112.9
2020-04-23,3477,7488.5
2020-04-24,3478,7503.8
2020-04-25,3479,7540.4
2020-04-26,3480,7678.9
2020-04-27,3481,7766.0
2020-04-28,3482,7746.9
2020-04-29,3483,8770.9
2020-04-30,3484,8629.0
2020-05-01,3485,8821.6
2020-05-02,3486,8966.3
2020-05-03,3487,8885.5
2020-05-04,3488,8874.7
2020-05-05,3489,9001.0
2020-05-06,3490,9151.4
2020-05-07,3491,9979.8
2020-05-08,3492,9806.2
2020-05-09,3493,9554.6
2020-05-10,3494,8738.8
2020-05-11,3495,8579.8
2020-05-12,3496,8813.8
2020-05-13,3497,9298.7
2020-05-14,3498,9778.4
2020-05-15,3499,9318.0
2020-05-16,3500,9379.5
2020-05-17,3501,9677.7
2020-05-18,3502,9730.7
2020-05-19,3503,9773.3
2020-05-20,3504,9512.3
2020-05-21,3505,9059.0
2020-05-22,3506,9169.7
2020-05-23,3507,9177.0
2020-05-24,3508,8728.2
2020-05-25,3509,8898.2
2020-05-26,3510,8842.5
2020-05-27,3511,9199.1
2020-05-28,3512,9572.2
2020-05-29,3513,9424.8
2020-05-30,3514,9692.5
2020-05-31,3515,9454.8
2020-06-01,3516,10189.3
2020-06-02,3517,9527.6
2020-06-03,3518,9667.2
2020-06-04,3519,9794.4
2020-06-05,3520,9631.2
2020-06-06,3521,9669.6
2020-06-07,3522,9742.6
2020-06-08,3523,9777.9
2020-06-09,3524,9768.8
2020-06-10,3525,9878.8
2020-06-11,3526,9283.2
2020-06-12,3527,9466.6
2020-06-13,3528,9471.3
2020-06-14,3529,9345.3
2020-06-15,3530,9425.4
2020-06-16,3531,9523.5
2020-06-17,3532,9464.6
2020-06-18,3533,9388.1
2020-06-19,3534,9314.0
2020-06-20,3535,9358.8
2020-06-21,3536,9296.4
2020-06-22,3537,9683.7
2020-06-23,3538,9624.6
2020-06-24,3539,9302.0
2020-06-25,3540,9247.5
2020-06-26,3541,9160.0
2020-06-27,3542,9008.3
2020-06-28,3543,9124.0
2020-06-29,3544,9185.4
2020-06-30,3545,9135.4
2020-07-01,3546,9229.9
2020-07-02,3547,9085.1
2020-07-03,3548,9067.1
2020-07-04,3549,9134.4
2020-07-05,3550,9081.0
2020-07-06,3551,9339.0
2020-07-07,3552,9256.0
2020-07-08,3553,9429.9
2020-07-09,3554,9235.7
2020-07-10,3555,9285.1
2020-07-11,3556,9233.3
2020-07-12,3557,9300.8
2020-07-13,3558,9243.6
2020-07-14,3559,9253.4
2020-07-15,3560,9198.7
2020-07-16,3561,9135.3
2020-07-17,3562,9155.8
2020-07-18,3563,9170.2
2020-07-19,3564,9208.0
2020-07-20,3565,9162.4
2020-07-21,3566,9387.3
2020-07-22,3567,9513.7
2020-07-23,3568,9599.6
2020-07-24,3569,9546.4
2020-07-25,3570,9704.1
2020-07-26,3571,9932.5
2020-07-27,3572,11022.8
2020-07-28,3573,10908.5
2020-07-29,3574,11105.9
2020-07-30,3575,11096.2
2020-07-31,3576,11333.4
2020-08-01,3577,11803.1
2020-08-02,3578,11066.8
2020-08-03,3579,11224.4
2020-08-04,3580,11184.7
2020-08-05,3581,11735.1
2020-08-06,3582,11757.1
2020-08-07,3583,11592.0
2020-08-08,3584,11764.3
2020-08-09,3585,11681.2
2020-08-10,3586,11889.2
2020-08-11,3587,11390.4
2020-08-12,3588,11557.2
2020-08-13,3589,11770.9
2020-08-14,3590,11750.8
2020-08-15,3591,11845.3
2020-08-16,3592,11899.0
2020-08-17,3593,12282.6
2020-08-18,3594,11947.6
2020-08-19,3595,11750.2
2020-08-20,3596,11856.9
2020-08-21,3597,11529.2
2020-08-22,3598,11661.3
2020-08-23,3599,11641.6
2020-08-24,3600,11753.5
2020-08-25,3601,11324.8
2020-08-26,3602,11462.3
2020-08-27,3603,11327.4
2020-08-28,3604,11527.4
2020-08-29,3605,11468.1
2020-08-30,3606,11702.0
2020-08-31,3607,11644.2
2020-09-01,3608,11914.9
2020-09-02,3609,11413.3
2020-09-03,3610,10168.8
2020-09-04,3611,10472.5
2020-09-05,3612,10092.2
2020-09-06,3613,10296.4
2020-09-07,3614,10376.9
2020-09-08,3615,10126.6
2020-09-09,3616,10224.6
2020-09-10,3617,10339.7
2020-09-11,3618,10390.2
2020-09-12,3619,10441.9
2020-09-13,3620,10326.0
2020-09-14,3621,10675.3
2020-09-15,3622,10785.3
2020-09-16,3623,10949.5
2020-09-17,3624,10941.3
2020-09-18,3625,10933.0
2020-09-19,3626,11081.8
2020-09-20,3627,10921.5
2020-09-21,3628,10416.8
2020-09-22,3629,10531.5
2020-09-23,3630,10237.3
2020-09-24,3631,10739.4
2020-09-25,3632,10688.8
2020-09-26,3633,10727.9
2020-09-27,3634,10776.2
2020-09-28,3635,10693.2
2020-09-29,3636,10840.9
2020-09-30,3637,10776.1
2020-10-01,3638,10620.5
2020-10-02,3639,10572.3
2020-10-03,3640,10544.2
2020-10-04,3641,10672.9
2020-10-05,3642,10789.5
2020-10-06,3643,10602.6
2020-10-07,3644,10670.9
2020-10-08,3645,10924.1
2020-10-09,3646,11054.2
2020-10-10,3647,11298.4
2020-10-11,3648,11371.0
2020-10-12,3649,11533.9
2020-10-13,3650,11423.8
2020-10-14,3651,11420.4
2020-10-15,3652,11503.0
2020-10-16,3653,11322.0
2020-10-17,3654,11362.1
2020-10-18,3655,11506.9
2020-10-19,3656,11753.4
2020-10-20,3657,11913.5
2020-10-21,3658,12808.7
2020-10-22,3659,12974.6
2020-10-23,3660,12934.1
2020-10-24,3661,13117.2
2020-10-25,3662,13032.2
2020-10-26,3663,13061.6
2020-10-27,3664,13657.8
2020-10-28,3665,13278.9
2020-10-29,3666,13457.2
2020-10-30,3667,13559.9
2020-10-31,3668,13797.3
2020-11-01,3669,13759.4
2020-11-02,3670,13561.4
2020-11-03,3671,14019.9
2020-11-04,3672,14145.6
2020-11-05,3673,15587.1
2020-11-06,3674,15577.9
2020-11-07,3675,14828.4
2020-11-08,3676,15483.7
2020-11-09,3677,15327.2
2020-11-10,3678,15303.6
2020-11-11,3679,15695.8
2020-11-12,3680,16294.7
2020-11-13,3681,16324.2
2020-11-14,3682,16071.0
2020-11-15,3683,15953.0
2020-11-16,3684,16715.8
2020-11-17,3685,17662.3
2020-11-18,3686,17774.6
2020-11-19,3687,17803.5
2020-11-20,3688,18675.2
2020-11-21,3689,18687.2
2020-11-22,3690,18412.9
2020-11-23,3691,18379.6
2020-11-24,3692,19152.6
2020-11-25,3693,18723.0
2020-11-26,3694,17162.0
2020-11-27,3695,17127.1
2020-11-28,3696,17730.7
2020-11-29,3697,18185.5
2020-11-30,3698,19698.1
2020-12-01,3699,18770.7
2020-12-02,3700,19218.8
2020-12-03,3701,19433.3
2020-12-04,3702,18658.1
2020-12-05,3703,19146.5
2020-12-06,3704,19379.9
2020-12-07,3705,19170.7
2020-12-08,3706,18326.6
2020-12-09,3707,18546.0
2020-12-10,3708,18247.2
2020-12-11,3709,18023.6
2020-12-12,3710,18808.9
2020-12-13,3711,19176.8
2020-12-14,3712,19273.8
2020-12-15,3713,19434.9
2020-12-16,3714,21352.2
2020-12-17,3715,22825.4
2020-12-18,3716,23127.9
2020-12-19,3717,23844.0
2020-12-20,3718,23474.9
2020-12-21,3719,22728.5
2020-12-22,3720,23823.2
2020-12-23,3721,23257.9
2020-12-24,3722,23736.5
2020-12-25,3723,24689.6
2020-12-26,3724,26454.4
2020-12-27,3725,26261.3
2020-12-28,3726,27057.8
2020-12-29,3727,27376.0
2020-12-30,3728,28868.7
2020-12-31,3729,28949.4
2021-01-01,3730,29359.9
2021-01-02,3731,32193.3
2021-01-03,3732,32958.9
2021-01-04,3733,32022.6
2021-01-05,3734,33991.5
2021-01-06,3735,36793.2
2021-01-07,3736,39460.2
2021-01-08,3737,40599.3
2021-01-09,3738,40151.9
2021-01-10,3739,38192.2
2021-01-11,3740,35544.3
2021-01-12,3741,34076.1
2021-01-13,3742,37382.2
2021-01-14,3743,39175.7
2021-01-15,3744,36845.8
2021-01-16,3745,36019.5
2021-01-17,3746,35839.6
2021-01-18,3747,36613.2
2021-01-19,3748,36002.9
2021-01-20,3749,35476.3
2021-01-21,3750,30842.1
2021-01-22,3751,33000.5
2021-01-23,3752,32088.9
2021-01-24,3753,32241.3
2021-01-25,3754,32252.3
2021-01-26,3755,32502.1
2021-01-27,3756,30404.0
2021-01-28,3757,33374.8
2021-01-29,3758,34301.8
2021-01-30,3759,34283.1
2021-01-31,3760,33108.1
2021-02-01,3761,33515.7
2021-02-02,3762,35485.2
2021-02-03,3763,37646.8
2021-02-04,3764,36982.1
2021-02-05,3765,38297.6
2021-02-06,3766,39256.6
2021-02-07,3767,38852.9
2021-02-08,3768,46395.7
2021-02-09,3769,46508.6
2021-02-10,3770,44836.0
2021-02-11,3771,47990.7
2021-02-12,3772,47371.7
2021-02-13,3773,47168.7
2021-02-14,3774,48643.4
2021-02-15,3775,47936.3
2021-02-16,3776,49169.7
2021-02-17,3777,52079.2
2021-02-18,3778,51582.2
2021-02-19,3779,55906.6
2021-02-20,3780,55923.7
2021-02-21,3781,57433.8
2021-02-22,3782,54111.8
2021-02-23,3783,48911.2
2021-02-24,3784,49697.5
2021-02-25,3785,46928.5
2021-02-26,3786,46345.6
2021-02-27,3787,46136.7
2021-02-28,3788,45164.0
2021-03-01,3789,49595.5
2021-03-02,3790,48424.2
2021-03-03,3791,50395.1
2021-03-04,3792,48428.0
2021-03-05,3793,48792.5
2021-03-06,3794,48855.6
2021-03-07,3795,50982.3
2021-03-08,3796,52311.0
2021-03-09,3797,54879.0
2021-03-10,3798,55851.9
2021-03-11,3799,57799.5
2021-03-12,3800,57265.1
2021-03-13,3801,61195.3
2021-03-14,3802,59113.7
2021-03-15,3803,55791.3
2021-03-16,3804,56889.7
2021-03-17,3805,58913.5
2021-03-18,3806,57656.0
2021-03-19,3807,58088.0
2021-03-20,3808,58093.4
2021-03-21,3809,57383.8
2021-03-22,3810,54158.3
2021-03-23,3811,54452.5
2021-03-24,3812,52325.4
2021-03-25,3813,51322.3
2021-03-26,3814,55036.1
2021-03-27,3815,55862.9
2021-03-28,3816,55765.2
2021-03-29,3817,57616.2
2021-03-30,3818,58771.3
2021-03-31,3819,58763.7
2021-04-01,3820,58718.3
2021-04-02,3821,58977.3
2021-04-03,3822,57059.9
2021-04-04,3823,58199.9
2021-04-05,3824,58993.4
2021-04-06,3825,57996.3
2021-04-07,3826,55948.7
2021-04-08,3827,58077.4
2021-04-09,3828,58118.7
2021-04-10,3829,59748.4
2021-04-11,3830,59978.7
2021-04-12,3831,59863.8
2021-04-13,3832,63540.9
2021-04-14,3833,62980.4
2021-04-15,3834,63216.0
2021-04-16,3835,61379.7
2021-04-17,3836,60041.9
2021-04-18,3837,56207.1
2021-04-19,3838,55646.1
2021-04-20,3839,56483.2
2021-04-21,3840,53820.2
2021-04-22,3841,51729.5
2021-04-23,3842,51143.6
2021-04-24,3843,50088.9
2021-04-25,3844,48963.6
2021-04-26,3845,54020.5
2021-04-27,3846,55036.5
2021-04-28,3847,54841.4
2021-04-29,3848,53560.8
2021-04-30,3849,57720.3
2021-05-01,3850,57807.1
2021-05-02,3851,56603.8
2021-05-03,3852,57169.8
2021-05-04,3853,53741.5
2021-05-05,3854,57441.3
2021-05-06,3855,56405.4
2021-05-07,3856,57337.2
2021-05-08,3857,58840.1
2021-05-09,3858,58238.3
2021-05-10,3859,55848.9
2021-05-11,3860,56695.7
2021-05-12,3861,49384.2
2021-05-13,3862,49704.6
2021-05-14,3863,49839.8
2021-05-15,3864,46708.8
2021-05-16,3865,46426.4
2021-05-17,3866,43541.3
2021-05-18,3867,42897.3
2021-05-19,3868,36720.5
2021-05-20,3869,40717.2
2021-05-21,3870,37297.4
2021-05-22,3871,37448.3
2021-05-23,3872,34679.7
2021-05-24,3873,38750.6
2021-05-25,3874,38378.3
2021-05-26,3875,39249.2
2021-05-27,3876,38417.3
2021-05-28,3877,35662.5
2021-05-29,3878,34584.6
2021-05-30,3879,35652.8
2021-05-31,3880,37298.6
2021-06-01,3881,36687.6
2021-06-02,3882,37555.8
2021-06-03,3883,39187.3
2021-06-04,3884,36851.3
2021-06-05,3885,35520.0
2021-06-06,3886,35815.4
2021-06-07,3887,33578.0
2021-06-08,3888,33382.9
2021-06-09,3889,37332.2
2021-06-10,3890,36649.4
2021-06-11,3891,37314.6
2021-06-12,3892,35467.5
2021-06-13,3893,39022.9
2021-06-14,3894,40529.4
2021-06-15,3895,40156.1
2021-06-23,3896,33674.3
2021-06-24,3897,34665.8
2021-06-25,3898,31594.0
2021-06-26,3899,32243.4
2021-06-27,3900,34678.5
2021-06-28,3901,34475.9
2021-06-29,3902,35834.7
2021-06-30,3903,35026.9
2021-07-01,3904,33543.6
2021-07-02,3905,33813.4
2021-07-03,3906,34742.8
2021-07-04,3907,35298.2
2021-07-05,3908,33687.8
2021-07-06,3909,34225.6
2021-07-07,3910,33867.8
2021-07-08,3911,32866.3
2021-07-09,3912,33797.4
2021-07-10,3913,33510.6
2021-07-11,3914,34227.7
2021-07-12,3915,33113.0
2021-07-13,3916,32728.1
2021-07-14,3917,32820.7
2021-07-15,3918,31840.5
2021-07-16,3919,31394.0
2021-07-17,3920,31518.6
2021-07-18,3921,31785.4
2021-07-19,3922,30837.2
2021-07-20,3923,29793.8
2021-07-21,3924,32131.4
2021-07-22,3925,32298.9
2021-07-23,3926,33603.3
2021-07-24,3927,33824.8
2021-07-25,3928,35391.1
2021-07-26,3929,37276.6
2021-07-27,3930,39452.0
2021-07-28,3931,40003.2
2021-07-29,3932,40001.4
2021-07-30,3933,42203.4
2021-07-31,3934,41553.7
2021-08-01,3935,39878.3
2021-08-02,3936,39168.4
2021-08-03,3937,38130.3
2021-08-04,3938,39736.9
2021-08-05,3939,40867.2
2021-08-06,3940,42795.4
2021-08-07,3941,44614.2
2021-08-08,3942,43792.8
2021-08-09,3943,46284.3
2021-08-10,3944,45593.8
2021-08-11,3945,45564.3
2021-08-12,3946,44403.4
2021-08-13,3947,47809.1
2021-08-14,3948,47081.5
2021-08-15,3949,46991.3
2021-08-16,3950,45996.3
2021-08-17,3951,44691.6
2021-08-18,3952,44723.8
2021-08-19,3953,46755.9
2021-08-20,3954,49324.0
2021-08-21,3955,48875.8
2021-08-22,3956,49254.5
2021-08-23,3957,49539.7
2021-08-24,3958,47714.7
2021-08-25,3959,48994.5
2021-08-26,3960,46831.6
2021-08-27,3961,49064.3
2021-08-28,3962,48897.1
2021-08-29,3963,48777.4
2021-08-30,3964,46992.7
2021-08-31,3965,47130.4
2021-09-01,3966,48819.4
2021-09-02,3967,49274.3
2021-09-03,3968,49999.0
2021-09-04,3969,49918.4
2021-09-05,3970,51768.6
2021-09-06,3971,52672.1
2021-09-07,3972,46779.6
2021-09-08,3973,46061.4
2021-09-09,3974,46385.6
2021-09-10,3975,44842.8
2021-09-11,3976,45161.9
2021-09-12,3977,46062.3
2021-09-13,3978,44949.5
2021-09-14,3979,47077.5
2021-09-15,3980,48130.6
2021-09-16,3981,47748.0
2021-09-17,3982,47282.8
2021-09-18,3983,48306.7
2021-09-19,3984,47238.7
2021-09-20,3985,42870.6
2021-09-21,3986,40651.3
2021-09-22,3987,43551.6
2021-09-23,3988,44869.2
2021-09-24,3989,42819.9
2021-09-25,3990,42686.8
2021-09-26,3991,43203.4
2021-09-27,3992,42172.6
2021-09-28,3993,41022.3
2021-09-29,3994,41536.8
2021-09-30,3995,43823.3
2021-10-01,3996,48146.0
2021-10-02,3997,47666.9
2021-10-03,3998,48200.1
2021-10-04,3999,49227.3
2021-10-05,4000,51469.3
2021-10-06,4001,55323.2
2021-10-07,4002,53783.9
2021-10-08,4003,53914.7
2021-10-09,4004,54942.5
2021-10-10,4005,54687.7
2021-10-11,4006,57477.3
2021-10-12,4007,56015.9
2021-10-13,4008,57380.1
2021-10-14,4009,57345.8
2021-10-15,4010,61672.5
2021-10-16,4011,60861.1
2021-10-17,4012,61527.5
2021-10-18,4013,62056.3
2021-10-19,4014,64278.5
2021-10-20,4015,65979.1
2021-10-21,4016,62210.2
2021-10-22,4017,60690.3
2021-10-23,4018,61312.5
2021-10-24,4019,60866.5
2021-10-25,4020,63067.0
2021-10-26,4021,60310.8
2021-10-27,4022,58438.1
2021-10-28,4023,60582.5
2021-10-29,4024,62242.8
2021-10-30,4025,61840.1
2021-10-31,4026,61309.6
2021-11-01,4027,60915.3
2021-11-02,4028,63221.7
2021-11-03,4029,62918.5
2021-11-04,4030,61412.6
2021-11-05,4031,60974.3
2021-11-06,4032,61483.9
2021-11-07,4033,63273.2
2021-11-08,4034,67527.9
2021-11-09,4035,66904.4
2021-11-10,4036,64932.6
2021-11-11,4037,64806.7
2021-11-12,4038,64134.5
2021-11-13,4039,64398.6
2021-11-14,4040,65508.2
2021-11-15,4041,63597.9
2021-11-16,4042,60089.1
2021-11-17,4043,60367.8
2021-11-18,4044,56955.3
2021-11-19,4045,58083.4
2021-11-20,4046,59717.6
2021-11-21,4047,58714.3
2021-11-22,4048,56308.8
2021-11-23,4049,57573.2
2021-11-24,4050,57171.7
2021-11-25,4051,58935.1
2021-11-26,4052,53730.9
2021-11-27,4053,54765.9
2021-11-28,4054,57291.5
2021-11-29,4055,57794.8
2021-11-30,4056,56882.9
2021-12-01,4057,57210.3
2021-12-02,4058,56496.0
2021-12-03,4059,53631.5
2021-12-04,4060,49195.2
2021-12-05,4061,49405.5
2021-12-06,4062,50562.1
2021-12-07,4063,50595.2
2021-12-08,4064,50473.9
2021-12-09,4065,47596.6
2021-12-10,4066,47137.2
2021-12-11,4067,49314.5
2021-12-12,4068,50081.0
2021-12-13,4069,46703.6
2021-12-14,4070,48366.5
2021-12-15,4071,48871.5
2021-12-16,4072,47628.2
2021-12-17,4073,46172.2
2021-12-18,4074,46856.2
2021-12-19,4075,46704.5
2021-12-20,4076,46895.2
2021-12-21,4077,48902.0
2021-12-22,4078,48599.7
2021-12-23,4079,50801.0
2021-12-24,4080,50786.1
2021-12-25,4081,50406.4
2021-12-26,4082,50779.9
2021-12-27,4083,50678.2
2021-12-28,4084,47545.2
2021-12-29,4085,46461.7
2021-12-30,4086,47123.3
2021-12-31,4087,46219.5
2022-01-01,4088,47738.0
2022-01-02,4089,47311.8
2022-01-03,4090,46430.2
2022-01-04,4091,45837.3
2022-01-05,4092,43425.9
2022-01-06,4093,43097.5
2022-01-07,4094,41546.7
2022-01-08,4095,41672.0
2022-01-09,4096,41848.3
2022-01-10,4097,41832.2
2022-01-11,4098,42733.2
2022-01-12,4099,43901.0
2022-01-13,4100,42560.0
2022-01-14,4101,43073.3
2022-01-15,4102,43097.0
2022-01-16,4103,43079.1
2022-01-17,4104,42209.3
2022-01-18,4105,42364.6
2022-01-19,4106,41677.8
2022-01-20,4107,40715.9
2022-01-21,4108,36475.5
2022-01-22,4109,35075.2
2022-01-23,4110,36269.5
2022-01-24,4111,36686.3
2022-01-25,4112,36950.6
2022-01-26,4113,36800.4
2022-01-27,4114,37164.3
2022-01-28,4115,37745.1
2022-01-29,4116,38170.8
2022-01-30,4117,37917.7
2022-01-31,4118,38498.6
2022-02-01,4119,38709.7
2022-02-02,4120,36890.2
2022-02-03,4121,37287.8
2022-02-04,4122,41567.6
2022-02-05,4123,41412.1
2022-02-06,4124,42392.2
2022-02-07,4125,43833.9
2022-02-08,4126,44038.2
2022-02-09,4127,44388.9
2022-02-10,4128,43521.0
2022-02-11,4129,42388.4
2022-02-12,4130,42205.2
2022-02-13,4131,42061.1
2022-02-14,4132,42550.3
2022-02-15,4133,44544.4
2022-02-16,4134,43883.6
2022-02-17,4135,40552.8
2022-02-18,4136,40000.1
2022-02-19,4137,40090.3
2022-02-20,4138,38355.0
2022-02-21,4139,37017.7
2022-02-22,4140,38248.2
2022-02-23,4141,37224.6
2022-02-24,4142,38339.2
2022-02-25,4143,39209.6
2022-02-26,4144,39115.5
2022-02-27,4145,37689.1
2022-02-28,4146,43188.2
2022-03-01,4147,44420.3
2022-03-02,4148,43912.8
2022-03-03,4149,42463.0
2022-03-04,4150,39142.7
2022-03-05,4151,39395.8
2022-03-06,4152,38403.1
2022-03-07,4153,38024.8
2022-03-08,4154,38744.8
2022-03-09,4155,41929.0
2022-03-10,4156,39416.3
2022-03-11,4157,38730.2
2022-03-12,4158,38814.3
2022-03-13,4159,37792.4
2022-03-14,4160,39671.1
2022-03-15,4161,39285.7
2022-03-16,4162,41118.7
2022-03-17,4163,40914.8
2022-03-18,4164,41767.8
2022-03-19,4165,42233.0
2022-03-20,4166,41276.0
2022-03-21,4167,41022.0
2022-03-22,4168,42373.0
2022-03-23,4169,42912.0
2022-03-24,4170,44013.0
2022-03-25,4171,44331.0
2022-03-26,4172,44548.0
2022-03-27,4173,46859.0
2022-03-28,4174,47105.0
2022-03-29,4175,47449.0
2022-03-30,4176,47075.0
2022-03-31,4177,45525.0
2022-04-01,4178,46297.0
2022-04-02,4179,45811.0
2022-04-03,4180,46407.0
2022-04-04,4181,46629.0
2022-04-05,4182,45506.0
2022-04-06,4183,43173.0
2022-04-07,4184,43448.0
2022-04-08,4185,42275.0
2022-04-09,4186,42767.0
2022-04-10,4187,42138.0
2022-04-11,4188,39497.0
2022-04-12,4189,40078.0
2022-04-13,4190,41133.0
2022-04-14,4191,39936.0
2022-04-15,4192,40560.0
2022-04-16,4193,40382.0
2022-04-17,4194,39703.0
2022-04-18,4195,40803.0
2022-04-19,4196,41503.0
2022-04-20,4197,41368.0
2022-04-21,4198,40482.0
2022-04-22,4199,39709.0
2022-04-23,4200,39418.0
2022-04-24,4201,39464.0
2022-04-25,4202,40427.0
2022-04-26,4203,38113.0
2022-04-27,4204,39243.0
2022-04-28,4205,39748.0
2022-04-29,4206,38581.0
2022-04-30,4207,37650.0
2022-05-01,4208,38461.0
2022-05-02,4209,38514.0
2022-05-03,4210,37718.0
2022-05-04,4211,39688.0
2022-05-05,4212,36544.0
2022-05-06,4213,36009.0
2022-05-07,4214,35468.0
2022-05-08,4215,34060.0
2022-05-09,4216,30095.0
2022-05-10,4217,31007.5
2022-05-11,4218,29068.2
2022-05-12,4219,28976.0
2022-05-13,4220,29284.4
2022-05-14,4221,30080.4
2022-05-15,4222,31308.7
2022-05-16,4223,29849.0
2022-05-17,4224,30437.5
2022-05-18,4225,28683.7
2022-05-19,4226,30305.9
2022-05-20,4227,29178.6
2022-05-21,4228,29434.6
2022-05-22,4229,30286.6
2022-05-23,4230,29093.3
2022-05-24,4231,29648.7
2022-05-25,4232,29540.6
2022-05-26,4233,29203.5
2022-05-27,4234,28601.2
2022-05-28,4235,29027.1
2022-05-29,4236,29465.2
2022-05-30,4237,31723.3
2022-05-31,4238,31793.4
2022-06-01,4239,29798.5
2022-06-02,4240,30455.5
2022-06-03,4241,29700.9
2022-06-04,4242,29864.3
2022-06-05,4243,29913.0
2022-06-06,4244,31367.6
2022-06-07,4245,31128.8
2022-06-08,4246,30201.6
2022-06-09,4247,30097.8
2022-06-10,4248,29083.3
2022-06-11,4249,28403.4
2022-06-12,4250,26606.3
2022-06-13,4251,22448.0
2022-06-14,4252,22157.3
2022-06-15,4253,22577.9
2022-06-16,4254,20386.6
2022-06-17,4255,20444.6
2022-06-18,4256,18986.5
2022-06-19,4257,20577.2
2022-06-20,4258,20572.3
2022-06-21,4259,20720.4
2022-06-22,4260,19965.8
2022-06-23,4261,21100.7
2022-06-24,4262,21226.9
2022-06-25,4263,21489.9
2022-06-26,4264,21043.5
2022-06-27,4265,20730.2
2022-06-28,4266,20278.0
2022-06-29,4267,20111.3
2022-06-30,4268,19926.6
2022-07-01,4269,19262.9
2022-07-02,4270,19243.2
2022-07-03,4271,19309.9
2022-07-04,4272,20215.8
2022-07-05,4273,20200.6
2022-07-06,4274,20561.1
2022-07-07,4275,21637.8
2022-07-08,4276,21611.2
2022-07-09,4277,21587.5
2022-07-10,4278,20847.4
2022-07-11,4279,19963.2
2022-07-12,4280,19330.9
2022-07-13,4281,20250.0
2022-07-14,4282,20586.0
2022-07-15,4283,20825.1
2022-07-16,4284,21209.9
2022-07-17,4285,20785.6
2022-07-18,4286,22525.8
2022-07-19,4287,23410.2
2022-07-20,4288,23215.2
2022-07-21,4289,23153.0
2022-07-22,4290,22675.2
2022-07-23,4291,22460.4
2022-07-24,4292,22582.1
2022-07-25,4293,21301.9
2022-07-26,4294,21248.7
2022-07-27,4295,22958.3
2022-07-28,4296,23850.0
2022-07-29,4297,23774.3
2022-07-30,4298,23634.2
2022-07-31,4299,23303.4
2022-08-01,4300,23271.2
2022-08-02,4301,22988.6
2022-08-03,4302,22820.8
2022-08-04,4303,22612.1
2022-08-05,4304,23308.2
2022-08-06,4305,22944.2
2022-08-07,4306,23175.3
2022-08-08,4307,23816.3
2022-08-09,4308,23146.7
2022-08-10,4309,23962.9
2022-08-11,4310,23935.3
2022-08-12,4311,24398.7
2022-08-13,4312,24442.5
2022-08-14,4313,24302.8
2022-08-15,4314,24101.7
2022-08-16,4315,23856.8
2022-08-17,4316,23338.0
2022-08-18,4317,23203.6
2022-08-19,4318,20831.3
2022-08-20,4319,21138.9
2022-08-21,4320,21517.2
2022-08-22,4321,21416.3
2022-08-23,4322,21517.2
2022-08-24,4323,21365.2
2022-08-25,4324,21565.4
2022-08-26,4325,20249.9
2022-08-27,4326,20033.9
2022-08-28,4327,19550.2
2022-08-29,4328,20295.8
2022-08-30,4329,19792.6
2022-08-31,4330,20043.9
2022-09-01,4331,20126.1
2022-09-02,4332,19952.7
2022-09-03,4333,19831.4
2022-09-04,4334,19999.9
2022-09-05,4335,19793.1
2022-09-06,4336,18786.4
2022-09-07,4337,19281.5
2022-09-08,4338,19317.4
2022-09-09,4339,21365.2
2022-09-10,4340,21650.4
2022-09-11,4341,21834.9
2022-09-12,4342,22395.3
2022-09-13,4343,20175.5
2022-09-14,4344,20222.5
2022-09-15,4345,19701.7
2022-09-16,4346,19802.4
2022-09-17,4347,20113.5
2022-09-18,4348,19418.8
2022-09-19,4349,19538.9
2022-09-20,4350,18872.4
2022-09-21,4351,18489.0
2022-09-22,4352,19404.0
2022-09-23,4353,19293.5
2022-09-24,4354,18925.2
2022-09-25,4355,18803.2
2022-09-26,4356,19225.7
2022-09-27,4357,19081.0
2022-09-28,4358,19411.0
2022-09-29,4359,19593.0
2022-09-30,4360,19423.0
2022-10-01,4361,19311.9
2022-10-02,4362,19052.2
2022-10-03,4363,19628.3
2022-10-04,4364,20340.2
2022-10-05,4365,20157.5
2022-10-06,4366,19956.7
2022-10-07,4367,19531.3
2022-10-08,4368,19415.0
2022-10-09,4369,19441.0
2022-10-10,4370,19134.6
2022-10-11,4371,19059.1
2022-10-12,4372,19154.8
2022-10-13,4373,19379.8
2022-10-14,4374,19181.8
2022-10-15,4375,19068.7
2022-10-16,4376,19261.9
2022-10-17,4377,19548.2
2022-10-18,4378,19328.2
2022-10-19,4379,19123.9
2022-10-20,4380,19042.9
2022-10-21,4381,19162.6
2022-10-22,4382,19204.8
2022-10-23,4383,19571.2
2022-10-24,4384,19331.5
2022-10-25,4385,20073.1
